,Market Cap,Income,Sales,Dividend,Dividend %,Employees,P/B,P/E,Forward P/E,PEG,Debt/Eq,EPS (ttm),EPS next Y,EPS next Q,EPS this Y,EPS next 5Y,EPS past 5Y,ROE,ROI,EPS Q/Q,Insider Own,Insider Trans,Inst Own
MMM,97.39B,5.13B,31.35B,5.88,3.44%,96163,9.08,19.38,18.61,5.86,1.91,8.82,9.19,2.27,-14.90%,3.31%,0.90%,49.20%,16.40%,15.50%,0.18%,-4.92%,67.30%
ABT,190.01B,3.08B,31.44B,1.44,1.31%,107000,6.36,63.43,26.22,4.26,0.64,1.73,4.18,0.90,45.20%,14.90%,12.40%,10.10%,8.20%,-46.70%,0.70%,-2.93%,75.40%
ABBV,150.42B,6.91B,36.23B,4.72,5.47%,47000,9.66,18.98,7.11,2.02,5.94,4.55,12.13,2.77,42.30%,9.38%,36.80%,-303.40%,21.20%,-192.90%,0.10%,-5.21%,70.90%
ABMD,12.77B,158.70M,798.10M,-,-,1536,11.70,82.35,54.16,3.43,0.00,3.48,5.29,0.92,-21.00%,24.00%,10.80%,15.10%,17.90%,-49.20%,1.40%,-17.29%,98.00%
ACN,145.54B,5.11B,44.33B,3.52,1.53%,492000,9.14,29.02,25.96,3.05,0.00,7.93,8.86,2.05,11.30%,9.52%,10.30%,32.60%,33.90%,-1.20%,0.10%,-6.84%,77.30%
ATVI,62.02B,1.81B,6.99B,0.41,0.51%,9200,4.54,34.41,24.04,1.41,0.20,2.34,3.35,0.64,-0.30%,24.41%,11.60%,14.00%,9.50%,75.50%,0.70%,-7.87%,90.70%
ADBE,240.41B,3.86B,12.44B,-,-,22634,20.61,63.30,45.04,3.63,0.35,7.94,11.16,2.66,7.80%,17.42%,62.70%,35.40%,20.60%,22.00%,0.10%,-22.51%,87.00%
AMD,97.60B,596.00M,7.65B,-,-,11400,29.49,165.35,49.92,4.62,0.21,0.50,1.67,0.35,-11.00%,35.83%,20.70%,21.50%,12.40%,305.40%,0.60%,-16.89%,73.20%
AAP,10.89B,453.10M,9.62B,1.00,0.65%,39000,2.87,23.86,16.91,2.01,0.00,6.50,9.17,2.58,21.10%,11.90%,0.40%,12.70%,12.30%,58.10%,0.40%,2.36%,-
AES,13.21B,190.00M,9.61B,0.57,2.86%,21000,5.38,70.07,12.89,9.16,8.68,0.28,1.54,0.46,-70.60%,7.65%,-14.20%,6.90%,6.60%,-639.10%,0.37%,68.37%,95.40%
AFL,26.56B,2.93B,21.74B,1.12,3.01%,10977,0.91,9.30,8.25,3.68,0.26,4.00,4.51,1.13,16.70%,2.53%,6.40%,10.30%,10.00%,2.50%,0.10%,-3.57%,61.80%
A,32.47B,691.00M,5.22B,0.72,0.67%,16300,6.62,48.22,29.08,5.13,0.47,2.21,3.67,0.93,26.10%,9.40%,37.50%,14.30%,15.20%,5.50%,0.40%,-12.33%,90.40%
APD,65.38B,1.92B,8.82B,5.36,1.80%,17440,5.66,34.56,30.27,3.34,0.70,8.63,9.85,2.22,2.90%,10.33%,11.30%,16.70%,11.50%,-9.30%,0.25%,0.00%,85.90%
AKAM,17.74B,542.10M,3.04B,-,-,7724,4.61,33.55,20.22,3.33,0.00,3.30,5.48,1.23,63.00%,10.08%,9.50%,14.70%,9.00%,42.40%,0.10%,-30.51%,93.10%
ALK,4.70B,57.00M,6.67B,-,-,24134,1.26,93.91,222.32,-,0.68,0.42,0.18,-2.95,75.50%,-14.81%,6.90%,1.40%,14.00%,-182.30%,0.20%,-3.35%,75.50%
ALB,10.04B,438.30M,3.38B,1.54,1.65%,6000,2.47,22.68,22.14,1.51,0.88,4.12,4.22,0.78,-18.30%,15.00%,14.40%,11.20%,7.60%,-44.60%,0.20%,-49.31%,93.10%
ARE,20.42B,395.70M,1.68B,4.24,2.62%,439,2.14,49.57,59.36,495.75,0.80,3.27,2.73,0.61,-11.50%,0.10%,25.70%,4.50%,2.40%,166.00%,1.20%,-15.29%,-
ALXN,26.75B,846.10M,5.54B,-,-,3082,2.61,33.25,9.92,2.70,0.23,3.73,12.51,2.58,6.90%,12.32%,26.80%,7.70%,16.90%,-337.60%,0.10%,-3.08%,93.90%
ALGN,26.52B,1.70B,2.16B,-,-,14530,9.32,15.64,49.03,1.21,0.00,21.51,6.86,0.58,12.40%,12.91%,25.50%,81.50%,32.00%,-128.20%,0.60%,-23.70%,89.60%
ALLE,9.67B,286.40M,2.73B,1.28,1.22%,11000,14.30,34.30,23.88,-,2.11,3.06,4.40,1.20,-1.30%,-0.80%,17.30%,41.90%,21.10%,-31.30%,0.10%,-5.54%,98.80%
LNT,13.62B,641.90M,3.55B,1.52,2.77%,3597,2.47,20.82,21.26,3.78,1.22,2.64,2.58,0.90,7.50%,5.50%,6.00%,12.10%,6.00%,35.40%,0.18%,0.00%,76.60%
ALL,28.64B,4.33B,43.83B,2.16,2.33%,45780,1.16,6.94,7.88,1.27,0.27,13.34,11.75,1.63,149.80%,5.46%,17.50%,18.40%,16.00%,58.40%,0.20%,-53.67%,79.50%
GOOGL,1059.20B,31.53B,166.03B,-,-,127498,5.16,35.46,27.64,7.37,0.02,44.22,56.71,11.20,12.50%,4.81%,19.90%,15.60%,14.10%,-33.20%,0.14%,0.00%,80.70%
GOOG,1079.82B,-,166.03B,-,-,127498,5.17,34.58,27.87,7.19,-,45.49,56.44,11.09,-10.00%,4.81%,-,-,-,-30.00%,5.75%,0.00%,70.62%
MO,73.78B,-879.00M,25.59B,3.44,8.70%,7300,12.92,-,8.67,-,5.11,-0.46,4.56,1.15,-117.20%,6.10%,-17.70%,-12.70%,-5.00%,-3.20%,0.10%,0.00%,63.70%
AMZN,1672.29B,13.18B,321.78B,-,-,876800,22.19,125.80,73.75,3.49,0.69,26.02,44.38,7.25,15.90%,36.03%,115.10%,20.50%,11.70%,97.40%,10.90%,-1.82%,59.50%
AMCR,17.99B,619.90M,12.47B,0.46,4.00%,47000,3.91,29.64,15.50,5.44,1.35,0.39,0.74,0.15,6.70%,5.45%,-7.00%,12.20%,7.40%,79.90%,0.10%,-9.29%,36.60%
AEE,20.05B,847.00M,5.81B,2.06,2.50%,9323,2.47,24.10,21.89,4.02,1.29,3.42,3.76,1.52,1.10%,6.00%,6.90%,10.40%,6.10%,35.40%,0.30%,0.00%,80.40%
AAL,6.22B,-3469.00M,33.36B,-,-,133000,-,-,-,-,-,-8.17,-4.29,-5.88,25.20%,-,-0.70%,240.80%,10.30%,-424.50%,1.10%,0.00%,56.60%
AEP,44.43B,1.90B,15.17B,2.80,3.06%,17408,2.26,23.83,19.69,4.41,1.59,3.84,4.65,1.46,0.10%,5.40%,3.60%,9.60%,5.30%,12.50%,0.10%,-4.25%,76.40%
AXP,84.08B,3.96B,41.68B,1.72,1.64%,59000,4.00,21.72,15.47,2.31,6.42,4.83,6.78,1.34,9.10%,9.40%,7.50%,17.90%,4.20%,-85.70%,0.10%,-0.35%,86.50%
AIG,25.81B,-4672.00M,48.63B,1.28,4.23%,46000,0.43,-,7.02,-,0.00,-5.47,4.31,0.69,-47.50%,4.59%,-6.80%,-7.30%,5.50%,-837.10%,0.10%,1.41%,92.30%
AMT,106.28B,1.92B,7.78B,4.33,1.78%,5454,29.75,56.30,47.16,3.71,6.96,4.31,5.15,1.10,53.00%,15.18%,16.20%,43.80%,9.20%,3.80%,0.20%,-4.93%,93.90%
AWK,28.24B,638.00M,3.69B,2.20,1.41%,6800,4.45,44.18,36.85,5.32,1.67,3.53,4.23,1.38,6.70%,8.30%,7.50%,10.30%,6.10%,3.50%,0.20%,-3.13%,87.60%
AMP,20.56B,2.50B,12.21B,4.16,2.45%,12500,3.27,8.88,9.28,0.98,3.17,19.13,18.31,2.18,-1.90%,9.11%,10.90%,40.20%,8.40%,-220.90%,0.10%,-8.25%,88.20%
ABC,20.28B,1.57B,186.29B,1.68,1.69%,22000,5.25,13.15,11.79,1.61,1.07,7.57,8.44,1.85,-18.60%,8.17%,26.40%,47.30%,13.00%,-1.50%,0.10%,-45.73%,67.60%
AME,25.03B,888.40M,4.80B,0.72,0.66%,18100,4.59,28.47,26.29,-,0.52,3.86,4.18,0.93,14.00%,-1.20%,9.70%,17.10%,12.30%,-23.20%,0.40%,-15.93%,88.80%
AMGN,137.64B,7.30B,24.30B,6.40,2.72%,23400,13.00,19.26,13.98,2.82,3.21,12.24,16.87,3.80,2.00%,6.84%,14.00%,71.70%,21.20%,-14.70%,0.20%,-0.48%,78.10%
APH,34.12B,1.10B,8.10B,1.00,0.87%,74000,7.21,32.10,28.57,10.70,0.79,3.59,4.03,0.87,-9.20%,3.00%,11.10%,24.70%,15.60%,-9.30%,0.20%,-62.11%,97.20%
ADI,45.82B,1.11B,5.52B,2.48,2.01%,16400,3.87,41.38,22.30,4.90,0.47,2.99,5.55,1.32,-12.10%,8.45%,13.00%,9.50%,9.20%,0.60%,0.10%,-21.83%,87.80%
ANSS,30.17B,397.90M,1.52B,-,-,4100,8.71,76.22,50.62,10.74,0.12,4.59,6.91,1.26,6.90%,7.10%,14.10%,12.10%,11.20%,-13.10%,0.20%,-3.50%,95.20%
ANTM,74.17B,5.92B,113.04B,3.80,1.28%,70600,2.17,12.89,11.69,0.89,0.62,23.02,25.39,4.15,31.10%,14.52%,15.60%,18.30%,10.70%,104.20%,0.10%,-21.30%,92.20%
AON,49.25B,1.77B,10.98B,1.84,0.86%,50000,13.76,28.35,19.93,3.98,2.25,7.51,10.68,1.49,37.10%,7.13%,6.40%,51.80%,17.40%,49.00%,0.20%,16.98%,93.77%
AOS,9.01B,298.10M,2.78B,1.04,1.88%,15100,5.38,30.44,24.22,3.80,0.17,1.82,2.29,0.52,-14.00%,8.00%,14.20%,18.10%,19.00%,-31.20%,0.30%,-28.59%,-
APA,3.68B,-8012.00M,5.16B,0.10,1.07%,3163,-,-,-,-,-,-21.22,-0.07,-0.36,-,-,1.00%,-480.10%,-28.30%,-6.90%,0.46%,0.00%,88.50%
AIV,5.25B,181.20M,903.20M,1.64,4.77%,950,3.01,28.21,-,3.97,2.88,1.22,-0.14,-0.01,-27.40%,7.10%,8.20%,10.50%,2.50%,-33.80%,0.84%,0.00%,-
AAPL,2064.45B,58.42B,273.86B,0.82,0.69%,137000,28.41,36.19,30.72,2.87,1.57,3.29,3.87,0.71,-2.60%,12.60%,13.00%,70.70%,26.90%,18.40%,0.07%,-6.31%,62.10%
AMAT,58.00B,3.19B,16.27B,0.88,1.40%,22000,6.02,18.30,13.73,0.91,0.57,3.44,4.59,1.17,-29.80%,20.08%,26.70%,35.90%,20.40%,49.70%,0.36%,-0.70%,83.70%
APTV,26.37B,1.68B,12.34B,-,-,141000,3.65,14.95,27.02,6.70,0.60,6.57,3.63,0.72,-7.00%,2.23%,-2.40%,34.80%,13.80%,-234.30%,0.10%,-3.93%,98.70%
ADM,27.75B,1.81B,64.31B,1.44,2.89%,38100,1.45,15.49,14.55,-,0.48,3.22,3.42,0.69,-19.90%,-8.80%,-6.00%,9.30%,4.20%,118.70%,0.30%,-9.33%,80.40%
ANET,17.20B,752.60M,2.27B,-,-,2300,5.63,24.00,23.40,3.57,0.00,9.39,9.63,2.21,157.20%,6.73%,52.50%,26.30%,27.80%,-21.50%,0.10%,-81.71%,65.90%
AJG,20.71B,704.70M,7.00B,1.80,1.65%,33300,3.78,29.75,23.91,2.61,0.85,3.66,4.55,0.92,2.00%,11.42%,12.30%,14.10%,9.20%,27.60%,0.20%,-10.68%,86.10%
AIZ,7.34B,307.60M,10.14B,2.52,2.04%,14200,1.25,25.33,11.59,1.31,0.37,4.87,10.66,1.48,45.90%,19.40%,-1.90%,6.80%,8.60%,28.20%,0.40%,0.00%,97.60%
T,195.58B,11.90B,175.14B,2.08,7.61%,243000,1.11,16.68,8.48,57.93,0.96,1.64,3.22,0.76,-30.90%,0.29%,8.90%,6.60%,7.00%,-66.00%,0.08%,2.52%,54.70%
ATO,11.66B,594.10M,2.79B,2.30,2.43%,4776,1.80,19.49,18.81,2.69,0.70,4.85,5.02,0.51,8.80%,7.25%,8.00%,11.60%,6.20%,40.90%,0.50%,0.98%,91.70%
ADSK,55.26B,372.80M,3.54B,-,-,10100,838.61,155.21,48.67,4.40,24.31,1.68,5.34,0.95,327.80%,35.26%,23.40%,-379.90%,14.00%,144.50%,0.20%,-14.60%,94.50%
ADP,63.35B,2.46B,14.59B,3.64,2.45%,58000,11.07,26.11,24.89,2.47,0.35,5.68,5.96,0.98,8.50%,10.57%,14.50%,44.90%,30.80%,-13.60%,0.10%,-27.30%,81.50%
AZO,27.88B,1.73B,12.63B,-,-,55680,-,16.56,14.31,3.01,-,72.07,83.37,17.40,50.90%,5.50%,14.80%,-94.90%,50.50%,20.70%,0.10%,-44.94%,93.70%
AVB,21.56B,784.20M,2.36B,6.36,4.27%,3122,1.92,26.64,37.30,10.49,0.70,5.59,3.99,0.96,-20.10%,2.54%,2.70%,7.20%,3.40%,0.70%,0.10%,0.00%,94.70%
AVY,11.09B,521.00M,6.79B,2.32,1.73%,30000,9.20,21.72,20.04,2.73,1.87,6.17,6.69,1.53,-32.80%,7.96%,6.70%,44.80%,9.80%,-43.60%,0.50%,-2.53%,91.10%
BKR,13.90B,-10306.00M,22.39B,0.72,5.48%,60000,0.49,-,28.82,-,0.44,-15.76,0.46,0.04,12.00%,3.17%,-43.30%,-39.60%,1.40%,-,0.10%,7.22%,96.50%
BLL,29.66B,369.00M,11.26B,0.60,0.66%,18300,10.79,83.11,28.65,7.73,2.78,1.10,3.19,0.77,15.20%,10.75%,0.20%,12.60%,8.00%,-50.90%,0.40%,-6.42%,86.80%
BAC,209.24B,18.01B,57.05B,0.72,2.97%,213000,0.87,11.98,11.96,-,0.00,2.02,2.03,0.51,5.60%,-0.17%,45.50%,9.30%,6.00%,-49.60%,0.10%,0.00%,72.50%
BK,32.98B,4.23B,6.18B,1.24,3.26%,48300,0.86,8.20,9.89,4.88,0.75,4.64,3.84,0.87,14.60%,1.68%,15.90%,11.30%,3.20%,-0.10%,0.10%,-8.72%,85.00%
BAX,40.78B,730.00M,11.41B,0.98,1.20%,50000,5.12,58.40,22.29,5.84,0.78,1.40,3.67,0.73,-36.90%,10.00%,13.20%,11.80%,6.50%,-21.10%,0.10%,-27.23%,89.10%
BDX,68.12B,791.00M,16.92B,3.16,1.33%,70093,2.79,83.45,18.89,13.04,0.78,2.84,12.54,2.53,24.40%,6.40%,-8.90%,3.60%,4.30%,-21.40%,0.10%,-1.14%,86.80%
BRK.B,,,,,,,,,,,,,,,,,,,,,,,
BBY,31.21B,1.63B,43.43B,2.20,1.84%,125000,8.20,19.33,16.80,2.61,0.35,6.17,7.10,1.58,8.80%,7.40%,10.30%,47.20%,32.80%,86.60%,0.50%,-66.07%,82.30%
BIO,16.29B,1.95B,2.29B,-,-,8120,2.24,8.63,54.81,0.49,0.06,64.47,10.15,1.80,456.30%,17.80%,80.40%,31.70%,-4.50%,61.90%,1.90%,-3.00%,78.90%
BIIB,44.43B,5.93B,14.49B,-,-,7400,3.98,8.20,9.34,-,0.66,34.14,29.98,8.08,44.80%,-2.95%,20.50%,46.30%,30.50%,22.10%,0.10%,0.00%,88.00%
BLK,98.55B,4.44B,15.03B,14.52,2.21%,16300,3.09,23.14,19.00,2.33,0.22,28.40,34.60,8.40,6.90%,9.92%,8.10%,13.50%,11.10%,22.30%,1.50%,-93.86%,87.50%
BA,92.71B,-2848.00M,69.26B,-,-,161100,-,-,44.05,-,-,-5.04,3.80,-2.31,-106.30%,12.33%,-16.60%,33.40%,-1.90%,19.50%,0.13%,0.16%,54.10%
BKNG,69.70B,2.54B,11.30B,-,-,26400,17.07,28.17,24.89,12.81,2.90,59.20,67.00,14.43,35.40%,2.20%,19.50%,51.60%,29.10%,-86.70%,0.20%,0.00%,96.10%
BWA,8.13B,445.00M,8.76B,0.68,1.76%,29000,1.73,17.96,11.14,4.59,0.66,2.15,3.47,0.73,-15.30%,3.92%,5.30%,9.60%,12.90%,-157.20%,0.40%,-16.57%,96.45%
BXP,12.37B,1.01B,2.91B,3.92,5.05%,760,2.02,11.91,31.29,1.70,2.22,6.52,2.48,0.56,-10.80%,7.00%,3.20%,17.80%,5.70%,61.70%,0.14%,11.14%,98.40%
BSX,55.80B,-122.00M,10.16B,-,-,36000,3.47,-,23.05,-,0.61,-0.09,1.67,0.25,-63.00%,8.63%,46.40%,30.00%,6.00%,-199.20%,0.10%,-14.23%,94.00%
BMY,136.18B,-563.00M,34.86B,1.80,2.94%,30000,2.82,-,8.27,-,0.95,-0.10,7.40,1.49,-33.90%,22.15%,10.90%,-1.30%,5.50%,-104.30%,0.10%,-8.46%,76.20%
AVGO,153.68B,2.23B,23.20B,13.00,3.43%,19000,6.48,70.97,14.90,8.98,1.87,5.34,25.42,6.24,-44.30%,7.90%,41.00%,9.20%,6.80%,-14.80%,0.20%,-55.75%,83.60%
BR,16.55B,462.50M,4.53B,2.30,1.60%,12000,12.24,36.19,23.94,3.62,1.33,3.96,5.99,0.63,-2.70%,10.00%,11.30%,38.40%,16.20%,26.10%,0.60%,-48.72%,88.90%
BF.B,,,,,,,,,,,,,,,,,,,,,,,
CHRW,14.17B,468.10M,15.08B,2.04,2.04%,15338,7.94,29.20,23.52,7.08,0.67,3.43,4.26,0.97,-11.90%,4.13%,6.60%,28.20%,20.90%,-13.30%,0.60%,-11.37%,96.90%
COG,7.76B,321.60M,1.61B,0.40,2.09%,274,3.52,24.18,10.96,0.93,0.56,0.79,1.74,0.07,33.80%,26.12%,45.50%,14.80%,21.80%,-82.30%,0.20%,-9.69%,97.40%
CDNS,32.33B,1.02B,2.44B,-,-,8100,14.02,31.85,42.02,2.33,0.31,3.63,2.75,0.61,187.80%,13.70%,46.80%,50.80%,40.90%,23.30%,0.80%,-23.11%,89.80%
CPB,14.86B,592.00M,8.69B,1.40,2.86%,14500,5.76,25.11,16.27,2.91,2.42,1.95,3.01,0.90,23.60%,8.64%,-1.80%,73.40%,11.30%,212.00%,0.20%,-0.99%,51.40%
COF,35.87B,-119.00M,27.77B,0.40,0.50%,53100,0.71,-,10.27,-,0.87,-0.38,7.71,2.19,-6.90%,8.00%,7.80%,-0.20%,15.50%,-168.50%,0.10%,-6.46%,90.40%
CAH,14.31B,-3696.00M,152.92B,1.94,3.98%,48000,7.99,-,8.21,-,3.79,-12.45,5.94,1.13,-378.60%,4.66%,-40.60%,-302.30%,-47.10%,243.90%,0.30%,0.00%,88.50%
KMX,15.28B,689.80M,18.35B,-,-,27050,3.85,22.54,16.69,1.92,3.86,4.16,5.62,1.16,11.20%,11.75%,14.30%,18.40%,4.60%,28.30%,0.30%,-61.72%,-
CCL,11.95B,-7590.00M,10.34B,-,-,104000,0.56,-,-,-,1.28,-10.28,-3.88,-1.87,-2.70%,-,22.60%,-33.70%,8.70%,-243.20%,0.10%,1.19%,54.70%
CARR,28.24B,1.54B,17.15B,0.32,0.98%,52635,7.05,18.44,18.45,-,2.99,1.78,1.78,0.47,-22.60%,-8.66%,-,-,14.00%,-66.70%,-,-,85.00%
CTLT,15.13B,173.00M,3.09B,-,-,13900,4.98,84.46,32.99,7.28,1.04,1.09,2.80,0.38,20.60%,11.60%,-8.30%,8.20%,5.70%,72.70%,0.40%,-27.63%,99.09%
CAT,89.37B,4.13B,46.53B,4.12,2.44%,102300,6.65,22.73,22.86,-,2.81,7.43,7.38,1.15,3.40%,-2.14%,21.70%,28.80%,12.20%,-70.80%,0.10%,-3.84%,68.50%
CBOE,9.12B,-,3.06B,1.68,2.00%,823,2.99,18.42,16.88,7.71,-,4.56,4.97,1.07,9.10%,2.39%,21.47%,-,-,28.70%,0.52%,0.00%,85.96%
CBRE,16.44B,1.15B,24.32B,-,-,100000,2.61,14.40,15.89,1.31,0.49,3.38,3.06,0.42,20.00%,11.00%,21.00%,19.00%,13.10%,-63.10%,0.60%,-7.88%,98.10%
CDW,18.52B,744.30M,18.20B,1.52,1.16%,9900,17.63,25.59,20.51,2.81,3.69,5.11,6.37,1.50,19.40%,9.10%,28.60%,77.50%,22.20%,-1.10%,0.30%,-2.86%,93.00%
CE,14.14B,645.00M,5.67B,2.48,2.06%,7714,5.71,22.52,13.22,13.24,1.62,5.33,9.08,1.70,-22.60%,1.70%,11.20%,24.80%,11.10%,-44.50%,0.20%,-0.63%,99.05%
CNC,38.16B,1.56B,91.58B,-,-,56600,1.53,23.17,11.56,1.69,0.67,2.86,5.73,0.96,39.10%,13.70%,23.10%,8.50%,4.90%,74.00%,0.60%,-9.49%,94.60%
CNP,11.40B,-624.00M,9.71B,0.60,2.88%,14262,1.85,-,15.47,-,2.17,-1.26,1.35,0.31,81.30%,-4.20%,-1.20%,-14.10%,5.40%,-30.00%,0.20%,1.87%,91.70%
CERN,22.52B,518.20M,5.61B,0.72,0.96%,27400,5.66,45.01,23.08,4.29,0.00,1.66,3.23,0.72,-12.70%,10.50%,1.90%,12.50%,8.90%,12.30%,0.10%,-39.24%,87.00%
CF,6.34B,378.00M,4.26B,1.20,4.10%,3000,2.19,16.78,18.95,-,0.00,1.75,1.55,0.08,70.00%,-5.21%,-16.30%,13.20%,12.50%,-30.50%,0.30%,-0.60%,95.20%
SCHW,73.18B,2.79B,10.61B,0.72,1.83%,21800,1.98,18.19,22.09,-,12.14,2.16,1.78,0.44,9.20%,-7.07%,22.70%,15.50%,1.50%,-27.70%,10.45%,-0.21%,60.40%
CHTR,130.50B,2.26B,46.65B,-,-,95100,4.44,60.42,32.54,1.21,2.67,10.49,19.48,3.04,42.70%,49.82%,43.10%,7.30%,5.50%,161.30%,0.20%,-50.16%,72.40%
CVX,141.51B,-8698.00M,114.79B,5.16,7.08%,48200,1.01,-,27.20,-,0.25,-4.71,2.68,-0.22,-80.00%,-4.61%,-31.40%,-6.00%,0.20%,-297.30%,0.05%,-0.65%,64.60%
CMG,37.56B,255.60M,5.62B,-,-,83000,21.94,148.69,62.60,6.09,0.00,9.01,21.40,3.44,103.40%,24.42%,-2.60%,15.30%,20.00%,-91.00%,0.40%,-39.86%,94.10%
CB,54.24B,2.19B,34.50B,3.12,2.62%,33000,0.98,24.98,10.86,13.45,0.28,4.78,10.98,2.25,15.10%,1.86%,2.90%,4.00%,6.20%,-129.30%,0.50%,0.38%,89.90%
CHD,23.52B,721.20M,4.59B,0.96,1.03%,4800,7.65,32.49,31.10,3.42,0.63,2.87,3.00,0.67,7.70%,9.50%,10.20%,26.10%,14.40%,37.70%,0.10%,-84.09%,85.60%
CI,64.93B,5.26B,154.56B,0.04,0.02%,73700,1.38,12.66,8.69,1.16,0.77,14.05,20.47,4.24,27.70%,10.94%,11.40%,11.50%,8.20%,28.00%,0.10%,-45.77%,92.00%
CINF,12.68B,557.00M,6.47B,2.40,3.05%,5148,1.36,23.39,20.76,-,0.10,3.36,3.79,0.38,593.30%,-4.20%,30.80%,6.10%,19.10%,117.20%,0.30%,-16.19%,66.90%
CTAS,36.45B,917.70M,7.02B,2.55,0.73%,40000,10.06,40.71,36.59,3.41,0.70,8.56,9.52,2.17,1.60%,11.95%,19.10%,-,17.00%,20.00%,1.10%,-6.11%,66.80%
CSCO,169.21B,11.21B,49.30B,1.44,3.59%,77500,4.48,15.24,12.09,2.47,0.38,2.64,3.32,0.70,-6.00%,6.18%,8.60%,31.20%,20.70%,-11.80%,0.10%,-2.28%,74.40%
C,90.79B,10.87B,63.59B,2.04,4.72%,204000,0.52,8.44,7.82,-,1.51,5.12,5.52,1.18,20.90%,-11.95%,29.50%,-,8.30%,-87.10%,0.25%,0.24%,78.70%
CFG,11.91B,1.10B,5.87B,1.56,5.86%,18000,0.56,10.65,10.09,-,0.45,2.50,2.64,0.70,10.00%,-9.40%,19.70%,6.40%,10.80%,-44.40%,0.10%,8.53%,95.70%
CTXS,17.16B,772.10M,3.20B,1.40,1.01%,8400,-,23.37,22.34,2.49,-,5.92,6.19,1.25,33.70%,9.37%,27.90%,249.50%,44.80%,29.00%,0.90%,-8.65%,97.00%
CLX,27.51B,939.00M,6.72B,4.44,2.07%,8800,29.94,29.26,27.37,7.57,3.08,7.35,7.86,2.32,16.40%,3.87%,10.00%,138.70%,25.40%,28.20%,0.30%,-28.84%,81.80%
CME,59.92B,2.38B,5.12B,3.40,2.02%,4360,2.24,25.35,24.01,5.97,0.13,6.63,7.00,1.42,3.50%,4.25%,12.00%,8.90%,6.70%,-2.10%,0.30%,-2.92%,87.30%
CMS,18.54B,721.50M,6.65B,1.63,2.50%,8128,3.58,25.80,22.87,3.64,2.92,2.53,2.85,0.67,3.00%,7.09%,5.60%,14.80%,5.80%,44.90%,0.20%,-5.75%,94.90%
KO,214.73B,9.19B,34.33B,1.64,3.28%,86200,12.29,23.53,24.20,7.90,2.99,2.13,2.07,0.46,38.00%,2.98%,5.30%,50.10%,12.00%,-31.90%,0.70%,-4.98%,68.10%
CTSH,39.97B,1.62B,16.76B,0.88,1.20%,281200,3.62,24.80,18.63,8.80,0.22,2.96,3.94,0.90,-8.40%,2.82%,7.00%,15.00%,15.40%,-26.10%,0.10%,-12.22%,93.70%
CL,68.34B,2.57B,15.94B,1.76,2.19%,34300,259.06,26.82,25.58,4.62,27.58,2.99,3.14,0.70,-3.20%,5.81%,3.10%,-,34.80%,8.70%,0.10%,-25.23%,80.40%
CMCSA,206.07B,11.51B,105.55B,0.92,2.02%,190000,2.49,18.27,15.43,3.34,1.32,2.49,2.95,0.51,11.80%,5.48%,12.10%,14.10%,9.20%,-4.40%,0.10%,-2.60%,85.90%
CMA,5.81B,604.00M,2.49B,2.72,6.52%,7467,0.78,10.03,11.62,-,0.40,4.16,3.59,0.83,10.60%,-,20.00%,8.20%,17.90%,-58.50%,0.40%,-0.16%,81.90%
CAG,18.46B,995.30M,11.34B,1.10,2.90%,16500,2.28,18.63,14.64,2.61,1.18,2.04,2.59,0.73,12.60%,7.15%,10.80%,12.70%,7.20%,88.50%,0.40%,-40.44%,83.90%
CXO,9.74B,-9626.00M,3.76B,0.80,1.65%,1453,1.20,-,14.83,-,0.00,-49.31,3.28,1.12,-126.90%,32.51%,-22.20%,-73.20%,-3.80%,-357.40%,1.08%,-0.99%,92.70%
COP,37.97B,2.30B,24.25B,1.72,5.09%,9700,1.15,16.57,46.20,-,0.48,2.04,0.73,-0.28,20.40%,-2.49%,6.80%,6.90%,13.00%,-82.70%,0.04%,0.58%,75.10%
ED,27.34B,1.33B,12.27B,3.06,3.75%,14890,1.50,20.46,18.12,8.03,1.26,3.99,4.51,1.52,-10.40%,2.55%,1.90%,7.40%,6.00%,22.80%,0.20%,0.62%,62.60%
STZ,35.12B,1.09B,8.13B,3.00,1.65%,9000,3.00,33.93,18.08,4.29,0.99,5.35,10.04,2.30,-100.40%,7.92%,-15.10%,9.40%,12.80%,185.50%,0.50%,-58.66%,84.20%
COO,18.85B,272.40M,2.44B,0.06,0.02%,12000,4.62,64.64,27.97,6.46,0.50,5.47,12.65,3.11,29.20%,10.00%,10.80%,7.50%,9.70%,-53.50%,0.20%,-5.55%,91.30%
CPRT,27.76B,699.90M,2.21B,-,-,7600,11.05,39.95,35.92,1.79,0.16,2.93,3.26,0.70,19.00%,22.30%,28.50%,31.70%,24.80%,7.60%,0.60%,-46.52%,82.10%
GLW,26.60B,104.00M,10.70B,0.88,2.50%,49500,2.74,348.32,19.47,267.94,0.80,0.10,1.81,0.36,-5.70%,1.30%,-9.20%,1.00%,5.70%,-208.50%,0.10%,-36.69%,79.50%
CTVA,25.44B,470.00M,14.04B,0.52,1.53%,21000,1.04,54.70,20.68,10.29,0.07,0.62,1.65,-0.42,95.80%,5.32%,-,2.10%,-1.20%,61.60%,0.10%,4.19%,80.70%
COST,166.16B,4.00B,166.76B,2.80,0.73%,156000,9.24,42.33,35.77,6.01,0.45,9.01,10.67,1.97,12.90%,7.05%,10.90%,23.70%,15.50%,21.70%,0.20%,-5.85%,71.10%
CCI,70.56B,723.00M,5.77B,4.80,2.88%,5100,7.08,96.53,61.54,5.19,2.15,1.73,2.71,0.51,45.70%,18.59%,14.50%,7.00%,5.40%,-8.70%,0.20%,-4.24%,94.10%
CSX,61.99B,2.90B,10.97B,1.04,1.30%,19000,5.05,21.53,18.87,5.66,1.36,3.72,4.25,0.93,8.60%,3.81%,16.80%,24.30%,14.20%,-39.70%,0.10%,-50.90%,76.70%
CMI,32.85B,1.71B,20.21B,5.40,2.42%,61615,4.57,19.86,18.45,-,0.53,11.22,12.08,2.39,9.50%,-9.40%,9.90%,23.10%,21.60%,-56.30%,0.10%,0.00%,86.20%
CVS,77.63B,8.26B,263.80B,2.00,3.36%,290000,1.15,9.46,7.91,1.49,1.05,6.30,7.53,1.32,861.40%,6.34%,5.10%,12.70%,7.20%,52.30%,0.19%,-0.48%,79.00%
DHI,28.67B,2.05B,18.95B,0.70,0.91%,8916,2.54,13.96,11.34,0.68,0.39,5.52,6.80,1.74,4.80%,20.50%,23.40%,19.60%,12.10%,36.20%,8.51%,-0.20%,84.40%
DHR,159.92B,2.80B,17.52B,0.72,0.32%,60000,4.86,58.58,35.22,4.49,0.68,3.88,6.46,1.36,-2.20%,13.06%,7.60%,11.10%,4.70%,38.30%,0.50%,-11.38%,81.60%
DRI,13.04B,-183.70M,7.20B,1.20,1.21%,177000,5.42,-,16.28,-,0.56,-1.46,6.08,0.73,-107.00%,29.78%,-17.80%,-8.00%,0.40%,-79.30%,0.40%,17.32%,91.60%
DVA,11.21B,823.60M,11.52B,-,-,65000,5.15,14.44,12.13,1.31,4.55,6.29,7.49,1.44,28.30%,11.00%,6.60%,38.80%,13.00%,39.60%,2.20%,-46.24%,92.30%
DE,74.66B,2.67B,35.73B,3.04,1.27%,73500,5.83,28.42,23.06,3.04,3.76,8.45,10.41,1.26,5.90%,9.35%,2.90%,22.60%,8.10%,-5.80%,0.10%,-11.14%,80.70%
DAL,19.99B,-10532.00M,24.56B,-,-,91224,5.95,-,-,-,10.39,-16.61,-0.46,-2.28,28.70%,-,56.40%,-101.00%,19.60%,-467.20%,0.10%,-5.38%,61.60%
XRAY,9.92B,-48.00M,3.44B,0.40,0.88%,15200,2.15,-,20.77,-,0.47,-0.23,2.20,0.29,125.90%,4.27%,-12.20%,-1.00%,4.30%,-370.50%,0.30%,-3.18%,95.95%
DVN,3.61B,-2274.00M,5.55B,0.44,4.92%,1800,1.05,-,18.88,-,1.41,-6.05,0.47,-0.12,-118.70%,-,-15.50%,-62.00%,1.70%,-596.80%,0.20%,-0.37%,82.00%
DXCM,38.26B,204.70M,1.72B,-,-,3900,28.07,185.35,124.85,3.35,0.00,2.19,3.24,0.64,175.80%,55.35%,41.50%,20.80%,7.10%,514.10%,0.60%,-26.45%,97.70%
FANG,4.83B,-2963.00M,3.40B,1.50,5.12%,712,0.43,-,9.01,-,0.56,-18.76,3.25,0.40,-81.80%,13.45%,-16.60%,-21.90%,3.20%,-816.90%,0.10%,1.10%,95.30%
DLR,42.14B,621.90M,3.41B,4.48,2.84%,1550,2.71,55.53,108.76,3.33,0.80,2.84,1.45,0.23,94.60%,16.66%,18.80%,5.30%,3.30%,30.80%,0.33%,-14.19%,89.95%
DFS,19.79B,1.01B,11.73B,1.76,2.69%,17200,2.33,20.65,10.86,29.50,2.70,3.17,6.03,1.56,16.60%,0.70%,13.10%,10.00%,14.50%,-152.10%,0.20%,1.81%,87.90%
DISCA,10.02B,1.04B,10.78B,-,-,9200,1.08,10.60,6.38,3.44,1.55,1.98,3.29,0.64,236.60%,3.08%,11.70%,10.70%,11.30%,-78.20%,1.10%,-0.10%,-
DISCK,-,-,10.78B,-,-,9200,1.30,11.08,5.75,1.40,-,1.71,3.30,0.62,-23.80%,7.90%,-,-,-,-71.40%,4.72%,-,87.50%
DISH,14.52B,1.27B,12.81B,-,-,16000,1.19,12.24,11.43,-,1.07,2.26,2.42,0.69,-12.80%,-12.83%,5.10%,11.10%,5.60%,29.80%,1.80%,-4.88%,81.90%
DG,55.50B,2.34B,31.28B,1.44,0.65%,143000,7.54,24.09,22.64,1.63,0.00,9.21,9.80,1.96,12.00%,14.79%,13.70%,33.50%,18.90%,89.70%,0.20%,-54.26%,95.10%
DLTR,22.91B,887.90M,24.63B,-,-,56900,3.33,25.59,16.48,2.65,0.59,3.73,5.80,1.15,151.90%,9.66%,3.70%,13.80%,9.90%,45.20%,1.10%,-1.05%,91.80%
D,67.91B,497.00M,16.83B,3.76,4.62%,19100,2.58,125.83,21.07,45.94,1.53,0.65,3.86,0.97,-56.50%,2.74%,-5.90%,1.80%,3.20%,-,0.20%,-5.65%,70.10%
DPZ,15.83B,468.70M,3.91B,3.12,0.78%,13100,-,34.19,31.03,2.27,-,11.68,12.88,3.84,14.40%,15.10%,27.30%,-14.10%,78.40%,21.30%,0.60%,-16.24%,92.80%
DOV,16.40B,675.20M,6.76B,1.98,1.74%,24000,5.32,24.71,19.10,11.97,1.13,4.62,5.97,1.32,19.50%,2.07%,0.00%,22.30%,12.90%,-36.10%,0.20%,-9.45%,85.90%
DOW,36.32B,-1976.00M,39.09B,2.80,5.68%,36500,2.91,-,20.00,-,1.40,-2.65,2.47,0.33,-164.70%,-10.43%,-,-14.00%,-4.40%,-401.60%,0.08%,0.00%,67.90%
DTE,22.72B,1.20B,11.87B,4.05,3.39%,10700,1.95,18.86,16.77,3.17,1.61,6.33,7.12,1.94,0.20%,5.95%,4.30%,10.50%,5.30%,45.10%,0.60%,-0.03%,75.20%
DUK,67.63B,2.08B,24.41B,3.86,4.18%,28793,1.56,32.51,17.72,14.05,1.49,2.84,5.21,1.81,35.20%,2.31%,7.30%,4.70%,4.90%,-198.70%,0.10%,-0.52%,64.90%
DRE,14.43B,371.00M,936.70M,0.94,2.42%,400,2.87,38.29,66.88,6.38,0.62,1.02,0.58,0.14,11.50%,6.00%,18.10%,7.50%,6.50%,-45.50%,0.10%,-16.90%,99.60%
DD,43.50B,-2613.00M,20.68B,1.20,2.03%,35000,1.17,-,16.97,-,0.52,-3.56,3.49,0.75,-353.20%,1.62%,-,-6.40%,-0.50%,-127.30%,0.10%,-1.64%,79.10%
DXC,5.13B,-5737.70M,19.19B,-,-,138000,1.14,-,5.08,-,2.62,-22.47,4.06,0.38,-596.10%,-4.09%,-67.90%,-86.00%,-35.30%,-233.40%,0.70%,0.00%,89.00%
EMN,11.66B,577.00M,8.70B,2.64,3.05%,14500,1.94,20.55,12.36,6.21,1.02,4.21,7.00,1.36,-26.10%,3.31%,2.00%,9.60%,8.30%,-89.30%,0.30%,-13.53%,86.30%
ETN,43.46B,1.54B,19.20B,2.92,2.67%,93000,3.08,29.40,22.44,-,0.58,3.72,4.87,1.04,7.00%,-2.87%,6.90%,10.20%,10.00%,-91.50%,0.10%,-30.29%,82.70%
EBAY,38.77B,2.09B,10.71B,0.64,1.15%,13300,13.52,20.40,14.16,1.28,2.99,2.74,3.94,0.86,0.50%,15.92%,38.10%,180.10%,17.40%,125.60%,3.50%,-1.91%,94.40%
ECL,57.49B,1.31B,13.35B,1.88,0.92%,50200,10.07,45.46,38.39,5.61,1.24,4.50,5.33,1.13,1.80%,8.11%,6.20%,-10.80%,11.20%,-62.60%,0.40%,-21.57%,88.30%
EIX,21.49B,1.12B,12.49B,2.55,4.39%,12937,1.53,18.79,12.83,15.66,1.46,3.09,4.53,1.45,368.60%,1.20%,-2.80%,8.20%,6.40%,-29.40%,0.06%,-0.21%,89.90%
EW,53.05B,746.40M,4.32B,-,-,13900,13.79,73.06,38.65,6.00,0.00,1.17,2.21,0.44,43.20%,12.17%,5.80%,18.90%,21.70%,-151.60%,0.20%,-39.89%,85.50%
EA,37.93B,1.98B,5.79B,-,-,9800,4.88,19.56,22.15,1.38,0.13,6.74,5.96,0.03,209.40%,14.13%,30.80%,26.80%,35.20%,-73.70%,0.20%,-61.67%,92.70%
EMR,41.58B,1.96B,17.20B,2.00,2.85%,88000,5.36,21.94,20.50,20.49,0.92,3.20,3.43,0.95,17.20%,1.07%,3.50%,24.50%,17.90%,-41.50%,0.40%,72.45%,75.30%
ETR,21.09B,1.23B,10.44B,3.72,3.49%,13635,2.05,17.41,17.94,3.22,2.06,6.13,5.95,2.41,36.10%,5.40%,3.80%,12.00%,5.20%,47.10%,0.10%,-0.27%,88.20%
EOG,22.17B,352.10M,14.30B,1.50,4.01%,2900,1.06,62.16,18.62,-,0.28,0.60,2.01,0.15,-18.80%,-3.11%,-2.40%,1.70%,10.80%,-207.50%,0.30%,0.00%,90.30%
EFX,19.72B,298.80M,3.72B,1.56,0.96%,11200,7.36,66.97,26.13,9.89,1.62,2.44,6.25,1.60,-233.60%,6.77%,-25.50%,11.70%,-5.00%,42.70%,0.20%,-14.70%,95.70%
EQIX,72.16B,497.90M,5.73B,10.64,1.30%,8378,6.87,141.96,97.25,9.04,1.36,5.76,8.41,1.66,33.90%,15.70%,26.50%,5.40%,4.50%,-10.40%,0.30%,-5.08%,97.20%
EQR,19.47B,1.12B,2.70B,2.41,4.65%,2700,1.83,17.21,39.58,2.82,0.80,3.01,1.31,0.35,46.70%,6.10%,7.00%,10.80%,7.00%,-15.60%,0.10%,0.00%,94.10%
ESS,13.35B,627.60M,1.51B,8.31,4.11%,1822,2.14,21.26,49.47,2.69,1.02,9.50,4.08,1.05,12.80%,7.90%,26.40%,10.10%,-,-7.90%,2.11%,0.00%,98.60%
EL,80.14B,684.00M,14.29B,1.92,0.86%,48000,20.54,122.14,36.66,8.67,1.56,1.84,6.11,0.89,-61.40%,14.09%,-8.00%,15.80%,2.50%,-401.00%,0.30%,-31.18%,90.80%
ETSY,17.98B,150.80M,1.12B,-,-,1292,33.47,127.67,69.68,2.24,1.64,1.16,2.12,0.59,13.90%,57.05%,48.90%,35.90%,8.00%,82.00%,0.60%,-57.70%,95.10%
EVRG,12.34B,633.50M,5.01B,2.02,3.68%,4617,1.46,20.10,16.97,3.27,1.22,2.73,3.24,1.61,11.60%,6.15%,3.00%,7.40%,5.90%,2.10%,0.20%,-0.88%,84.60%
ES,31.19B,1.16B,8.54B,2.27,2.48%,8234,2.24,26.17,23.54,4.06,1.12,3.49,3.88,1.03,-13.80%,6.44%,1.70%,8.90%,4.70%,658.90%,0.35%,-2.03%,82.80%
RE,8.07B,492.10M,8.50B,6.20,3.09%,1603,0.85,16.36,8.54,3.93,0.00,12.28,23.51,0.94,-44.00%,4.16%,-1.00%,5.80%,10.70%,-41.50%,0.90%,-8.75%,98.80%
EXC,40.34B,2.65B,33.34B,1.53,3.64%,32713,1.26,15.51,14.25,-,1.23,2.71,2.95,0.86,45.70%,-3.48%,9.90%,8.20%,5.10%,7.40%,0.10%,-0.70%,81.00%
EXPE,12.24B,-1569.00M,9.08B,-,-,25400,7.38,-,71.37,-,5.51,-11.34,1.27,-0.72,42.00%,-,4.70%,-51.60%,7.90%,-542.10%,0.50%,-11.88%,100.00%
EXPD,15.74B,603.80M,8.60B,1.04,1.11%,18000,7.20,26.54,24.16,4.02,0.00,3.52,3.86,0.98,-5.40%,6.59%,12.10%,28.10%,25.60%,23.70%,0.20%,-68.19%,96.40%
EXR,14.84B,430.80M,1.33B,3.60,3.14%,4048,6.22,34.57,36.08,5.76,2.14,3.32,3.18,0.78,3.90%,6.00%,16.10%,17.50%,8.20%,-2.10%,0.80%,-17.86%,-
XOM,145.66B,6.43B,213.86B,3.48,10.21%,74900,0.81,22.64,24.48,6.95,0.39,1.51,1.39,-0.21,-33.80%,3.26%,-16.00%,3.90%,2.30%,-134.50%,0.08%,0.00%,53.00%
FFIV,8.09B,324.60M,2.33B,-,-,5325,3.76,24.92,13.69,19.17,0.18,5.33,9.69,2.37,-7.60%,1.30%,11.60%,16.60%,23.00%,-20.30%,0.30%,-10.61%,98.80%
FB,759.84B,23.52B,75.16B,-,-,52534,6.86,33.93,26.11,1.67,0.00,7.84,10.19,1.90,-15.10%,20.27%,42.20%,22.90%,17.40%,97.70%,0.66%,-0.55%,80.10%
FAST,25.61B,841.70M,5.57B,1.00,2.21%,20336,9.00,30.94,29.45,4.18,0.14,1.46,1.54,0.32,6.60%,7.40%,10.60%,30.60%,26.70%,3.40%,0.10%,-36.51%,81.50%
FRT,5.76B,269.00M,880.90M,4.24,5.70%,308,2.47,20.80,35.48,3.10,1.99,3.58,2.10,0.36,53.00%,6.70%,14.40%,11.60%,8.10%,-89.60%,0.87%,0.00%,95.20%
FDX,74.08B,1.78B,71.49B,2.60,0.92%,183000,3.82,41.86,16.42,1.60,1.20,6.78,17.29,3.72,179.90%,26.11%,6.10%,9.50%,5.00%,66.40%,5.70%,-1.99%,74.10%
FIS,89.15B,30.00M,12.20B,1.40,0.97%,55000,1.81,1563.91,21.51,124.21,0.41,0.09,6.69,1.40,-74.10%,12.59%,-22.70%,0.10%,1.20%,-93.50%,0.20%,-15.53%,92.90%
FITB,16.67B,1.41B,6.11B,1.08,4.64%,19869,0.81,11.99,11.19,-,0.79,1.94,2.08,0.60,9.00%,-2.98%,14.90%,7.10%,10.60%,-60.10%,0.10%,-1.38%,81.30%
FE,17.08B,542.00M,10.87B,1.56,4.92%,12316,2.40,31.75,12.04,-,3.10,1.00,2.63,0.76,20.80%,-2.40%,26.80%,9.40%,5.80%,-10.60%,0.26%,0.00%,85.40%
FRC,21.62B,961.60M,3.80B,0.80,0.63%,5197,2.31,22.67,21.57,2.55,0.19,5.59,5.88,1.51,8.10%,8.87%,11.10%,9.70%,25.00%,13.30%,0.50%,0.00%,-
FISV,68.18B,839.00M,14.41B,-,-,44000,2.15,80.53,18.80,4.66,0.69,1.26,5.38,1.16,-41.40%,17.27%,2.80%,2.60%,2.50%,-99.50%,0.50%,-62.23%,93.90%
FLT,20.72B,766.90M,2.57B,-,-,8700,7.06,29.03,19.56,3.50,1.50,8.60,12.76,2.66,9.50%,8.30%,18.60%,22.90%,12.00%,-36.90%,1.90%,-3.31%,94.80%
FLIR,4.92B,140.40M,1.89B,0.68,1.83%,4265,2.91,35.48,16.59,5.91,0.49,1.05,2.24,0.55,-37.70%,6.00%,-2.10%,9.30%,8.00%,-74.60%,1.00%,-3.34%,91.70%
FLS,3.78B,146.30M,3.88B,0.80,2.77%,17000,2.26,26.00,18.15,10.60,0.83,1.11,1.59,0.44,121.80%,2.45%,-12.40%,8.50%,10.30%,-85.00%,0.22%,0.00%,97.30%
FMC,14.13B,550.10M,4.62B,1.76,1.62%,6400,5.01,25.88,14.85,2.71,1.25,4.21,7.33,1.11,3.70%,9.54%,13.40%,17.90%,12.30%,2.70%,0.40%,-32.54%,92.20%
F,29.78B,-2028.00M,130.40B,-,-,190000,0.99,-,9.56,-,5.68,-0.52,0.80,0.17,-96.00%,-3.35%,-35.20%,-6.60%,0.70%,658.70%,0.10%,5.29%,50.70%
FTNT,21.32B,409.00M,2.35B,-,-,7756,39.03,55.36,38.16,3.05,0.00,2.38,3.45,0.78,-11.50%,18.13%,65.40%,45.60%,21.60%,63.20%,11.70%,-0.86%,72.60%
FTV,22.73B,489.70M,7.15B,0.28,0.42%,25000,3.06,46.62,27.82,-,0.77,1.44,2.41,0.86,-22.20%,-3.43%,-5.50%,6.90%,6.50%,-28.50%,2.20%,-72.20%,90.20%
FBHS,12.41B,434.60M,5.71B,0.96,1.06%,24700,5.08,29.20,21.13,4.00,0.91,3.09,4.27,1.05,13.20%,7.30%,13.30%,18.10%,12.00%,-14.90%,0.40%,-44.41%,89.40%
FOXA,16.22B,999.00M,12.30B,0.46,1.71%,9000,1.62,16.66,11.85,-,0.79,1.61,2.27,0.67,-36.90%,-1.40%,-,9.80%,7.90%,-72.50%,0.10%,0.00%,-
FOX,15.92B,-,12.30B,0.46,1.70%,9000,1.62,16.74,11.54,1.82,-,1.62,2.35,0.49,-,9.20%,-,-,-,-73.10%,39.56%,-0.07%,59.57%
BEN,11.70B,1.01B,5.39B,1.08,4.60%,9500,1.14,11.46,7.98,-,0.14,2.05,2.94,0.68,-26.30%,-5.29%,-9.10%,10.10%,10.50%,20.40%,0.10%,-1.35%,51.50%
FCX,24.99B,-644.00M,12.92B,0.20,1.17%,27500,2.78,-,11.30,-,1.11,-0.44,1.52,0.20,-109.80%,-,34.30%,-7.00%,2.90%,218.50%,0.30%,0.00%,71.30%
GPS,7.42B,-1008.00M,14.05B,0.97,5.02%,129000,3.21,-,17.20,-,0.00,-2.71,1.12,0.27,-62.30%,-10.90%,-18.90%,-36.00%,9.40%,-137.40%,9.00%,-0.20%,59.70%
GRMN,18.94B,934.00M,3.76B,2.44,2.46%,15000,3.99,20.30,21.78,4.70,0.00,4.88,4.55,0.99,36.40%,4.32%,21.60%,19.80%,19.00%,-18.00%,0.20%,-6.08%,51.20%
IT,11.56B,239.30M,4.20B,-,-,16724,11.72,49.08,37.17,7.22,1.99,2.65,3.50,0.53,101.80%,6.80%,4.80%,25.60%,10.40%,-45.90%,2.70%,-5.11%,94.20%
GD,40.40B,3.26B,38.55B,4.40,3.09%,102900,2.93,12.63,11.85,3.26,1.05,11.26,12.01,2.86,6.70%,3.88%,8.90%,24.10%,15.20%,-21.40%,0.40%,-0.42%,86.70%
GE,60.14B,3.34B,87.87B,0.04,0.55%,205000,1.89,19.13,21.76,-,2.43,0.38,0.34,-0.04,99.80%,-8.18%,-14.90%,-16.30%,2.30%,-663.80%,0.20%,-66.02%,62.30%
GIS,38.33B,2.30B,17.99B,2.04,3.27%,35000,4.54,16.70,16.91,3.31,1.61,3.74,3.69,0.97,23.40%,5.05%,12.50%,28.90%,12.00%,21.10%,0.20%,-9.61%,75.60%
GM,46.64B,1.52B,115.79B,-,-,164000,1.22,31.86,7.29,16.95,3.24,1.05,4.59,1.33,-15.90%,1.88%,22.40%,3.70%,3.20%,-134.00%,7.19%,0.02%,79.30%
GPC,14.61B,-0.30M,17.64B,3.16,3.13%,55000,5.11,-,18.22,-,1.13,-0.03,5.54,1.40,-22.90%,-1.10%,-1.50%,-5.60%,9.20%,-276.50%,2.76%,0.00%,79.60%
GILD,78.93B,-257.00M,22.17B,2.72,4.39%,11800,4.32,-,8.89,-,1.34,-0.24,6.98,1.96,1.10%,0.59%,-10.50%,-1.20%,9.50%,-280.70%,0.41%,-0.64%,81.50%
GL,8.83B,727.50M,4.62B,0.75,0.90%,3196,1.13,12.53,11.13,1.92,0.27,6.64,7.48,1.75,12.40%,6.54%,11.40%,10.00%,9.50%,-3.40%,1.50%,-10.02%,77.70%
GPN,52.67B,378.70M,6.67B,0.78,0.44%,24000,1.93,120.04,22.23,7.04,0.35,1.48,7.97,1.65,-19.70%,17.05%,1.00%,1.40%,1.90%,-83.80%,0.40%,-3.99%,90.80%
GS,71.77B,4.84B,54.72B,5.00,2.42%,39100,0.93,15.69,8.67,1.82,8.45,13.15,23.79,5.68,-12.40%,8.63%,4.30%,6.00%,1.30%,-90.50%,0.60%,0.00%,71.40%
GWW,20.66B,623.00M,11.63B,6.12,1.60%,23800,10.64,33.25,21.30,4.69,1.73,11.54,18.00,4.15,12.10%,7.09%,6.30%,33.40%,23.30%,-54.80%,0.30%,-41.60%,73.70%
HAL,11.48B,-4051.00M,18.97B,0.18,1.47%,40000,2.07,-,24.45,-,1.89,-4.62,0.50,0.08,-170.50%,-8.32%,-18.30%,-54.40%,-2.50%,-,0.10%,59.60%,73.20%
HBI,6.04B,520.60M,6.67B,0.60,3.49%,63000,5.58,11.93,10.63,5.88,3.81,1.44,1.62,0.37,11.60%,2.03%,10.60%,47.10%,17.60%,12.30%,0.10%,-19.33%,97.00%
HIG,13.55B,1.80B,20.73B,1.30,3.45%,19500,0.81,7.61,7.10,-,0.26,4.96,5.31,0.91,43.00%,-2.60%,14.00%,11.40%,11.30%,26.50%,0.10%,1.98%,92.90%
HAS,11.90B,376.70M,4.97B,2.72,3.11%,5600,4.62,29.93,19.90,3.56,1.99,2.93,4.40,1.62,96.80%,8.40%,4.80%,14.80%,8.20%,-332.40%,0.20%,-0.30%,82.60%
HCA,46.58B,3.34B,50.15B,-,-,210000,-,13.93,11.61,1.40,-,9.70,11.64,2.32,10.50%,9.96%,19.30%,-120.20%,19.10%,40.50%,0.10%,-12.12%,70.60%
PEAK,14.87B,325.70M,2.24B,1.48,5.48%,204,2.05,44.31,163.82,17.72,0.95,0.61,0.17,0.01,-96.00%,2.50%,-30.60%,4.90%,2.10%,424.90%,0.10%,0.00%,95.70%
HSIC,8.76B,584.70M,9.29B,-,-,19000,2.97,15.64,17.19,3.75,0.38,3.99,3.63,0.75,72.00%,4.17%,11.50%,20.00%,14.90%,-110.20%,0.20%,-8.33%,-
HSY,31.29B,1.07B,7.95B,3.22,2.15%,14520,17.81,29.39,23.40,4.33,2.90,5.10,6.41,1.71,-1.60%,6.78%,7.70%,62.00%,21.80%,-13.30%,0.20%,-3.92%,77.60%
HES,12.08B,-3187.00M,5.45B,1.00,2.63%,1775,1.81,-,-,-,1.32,-10.49,-2.13,-0.56,-24.40%,-,-17.70%,-40.80%,0.80%,-,0.10%,-8.21%,87.80%
HPE,12.71B,124.00M,26.99B,0.48,5.06%,61600,0.76,118.50,6.22,-,1.20,0.08,1.53,0.34,-36.80%,-2.62%,5.10%,0.00%,5.30%,171.00%,0.10%,0.00%,83.80%
HLT,24.59B,51.00M,7.25B,-,-,173000,-,699.22,37.34,-,-,0.13,2.40,-0.01,19.20%,-4.18%,8.20%,-7.00%,17.30%,-274.30%,0.10%,-13.92%,-
HFC,3.43B,-159.30M,14.27B,1.40,6.94%,4074,0.61,-,25.65,-,0.00,-1.02,0.79,-0.43,-25.10%,-,26.50%,-2.80%,11.60%,-194.70%,0.10%,0.00%,87.90%
HOLX,17.07B,496.80M,3.30B,-,-,6478,7.71,35.87,15.58,2.19,1.47,1.87,4.30,1.20,55.70%,16.40%,-69.20%,22.80%,-1.30%,52.30%,0.80%,-12.16%,97.50%
HD,309.53B,11.83B,119.32B,6.00,2.09%,415700,-,26.35,24.11,4.43,-,10.92,11.93,2.96,6.10%,5.95%,16.80%,-583.90%,43.60%,27.10%,0.12%,-18.66%,71.90%
HON,121.13B,5.57B,34.52B,3.72,2.13%,113000,6.77,22.59,22.34,12.30,1.22,7.74,7.83,1.49,-4.40%,1.84%,8.50%,32.30%,17.20%,-27.40%,0.10%,-2.81%,76.40%
HRL,27.23B,929.20M,9.69B,0.93,1.88%,18700,4.26,29.07,27.26,29.07,0.21,1.70,1.82,0.44,4.00%,1.00%,10.00%,15.20%,15.60%,1.20%,0.20%,-24.62%,44.70%
HST,7.77B,93.00M,3.75B,-,-,175,1.15,95.22,-,3.35,0.68,0.12,-0.56,-0.43,-14.30%,28.40%,5.50%,1.30%,6.40%,-229.10%,0.70%,-0.09%,99.10%
HWM,8.07B,471.00M,9.85B,-,-,41700,2.39,18.23,22.56,-,1.50,1.02,0.82,0.04,-27.00%,-,47.00%,12.00%,8.90%,37.00%,0.50%,0.00%,91.00%
HPQ,26.87B,2.56B,56.79B,0.70,3.57%,56000,-,11.06,8.33,1.18,-,1.77,2.35,0.52,15.10%,9.34%,5.70%,-184.60%,112.30%,-30.70%,0.10%,-4.40%,84.70%
HUM,57.60B,3.50B,70.55B,2.50,0.57%,46000,4.02,16.65,19.80,1.34,0.56,26.28,22.11,2.80,61.50%,12.45%,22.20%,27.80%,13.50%,98.20%,0.25%,-0.38%,94.90%
HBAN,9.83B,813.00M,3.94B,0.60,6.20%,15703,0.93,12.43,10.00,-,0.92,0.78,0.97,0.25,6.10%,-1.69%,11.90%,7.70%,13.10%,-61.00%,1.10%,-0.52%,75.50%
HII,5.97B,528.00M,8.92B,4.12,2.78%,42000,3.59,11.50,13.13,5.00,0.00,12.87,11.27,4.13,-30.50%,2.30%,14.10%,31.90%,20.90%,-57.60%,0.40%,-3.48%,87.50%
IEX,14.32B,374.60M,2.39B,2.00,1.04%,7439,6.41,39.32,35.30,3.02,0.46,4.90,5.46,1.20,6.30%,13.00%,10.00%,16.80%,15.10%,-37.00%,0.50%,-36.00%,-
IDXX,35.96B,460.10M,2.47B,-,-,9200,132.01,80.07,67.27,5.10,3.37,5.29,6.30,1.42,14.00%,15.70%,22.20%,242.00%,43.00%,20.10%,1.10%,-29.64%,90.40%
INFO,31.91B,922.70M,4.30B,0.68,0.84%,15500,3.76,35.62,25.60,3.20,0.58,2.28,3.18,0.67,24.60%,11.12%,9.90%,11.00%,5.60%,316.20%,0.50%,-26.41%,96.80%
ITW,64.43B,2.19B,12.74B,4.56,2.21%,45000,27.70,30.39,28.90,45.09,3.30,6.80,7.15,1.48,1.80%,0.67%,10.60%,82.20%,24.80%,-47.30%,0.20%,-27.33%,80.80%
ILMN,47.39B,693.00M,3.35B,-,-,7700,10.51,69.84,47.33,11.84,0.25,4.67,6.90,0.77,19.70%,5.90%,23.20%,15.20%,15.80%,-84.00%,0.40%,-14.38%,94.40%
INCY,19.80B,-191.10M,2.39B,-,-,1456,8.41,-,23.85,-,0.02,-0.91,3.80,0.75,304.40%,25.94%,55.60%,-8.20%,13.70%,171.90%,0.50%,-25.72%,96.10%
IR,15.46B,-147.40M,3.27B,-,-,6600,1.81,-,22.71,-,0.45,-0.24,1.64,0.31,-6.60%,0.20%,25.20%,-2.80%,7.00%,-298.10%,0.10%,-99.21%,98.00%
INTC,229.02B,23.66B,78.96B,1.32,2.44%,110800,2.80,9.97,11.50,1.16,0.47,5.44,4.71,1.11,6.60%,8.62%,15.20%,30.50%,17.80%,29.00%,0.05%,-3.14%,67.40%
ICE,57.29B,2.15B,5.59B,1.20,1.18%,6423,3.26,26.24,21.54,2.55,0.50,3.86,4.70,0.99,0.20%,10.30%,15.20%,12.60%,8.60%,14.20%,0.30%,-20.60%,87.90%
IBM,111.22B,8.02B,75.50B,6.52,5.18%,352600,5.45,14.04,10.34,4.92,3.15,8.97,12.18,2.58,-8.60%,2.85%,-7.20%,39.70%,11.40%,-46.10%,0.10%,-0.79%,58.80%
IP,17.91B,635.00M,21.28B,2.05,4.40%,51000,2.59,28.98,16.52,-,1.34,1.61,2.82,0.48,-21.80%,0.00%,18.40%,8.70%,8.60%,-7.70%,0.24%,0.00%,83.50%
IPG,7.00B,453.60M,9.73B,1.02,5.59%,54300,2.90,15.84,10.43,14.40,1.62,1.15,1.75,0.33,5.40%,1.10%,8.40%,17.70%,13.70%,-127.00%,0.10%,-1.45%,-
IFF,12.40B,422.60M,5.10B,3.08,2.65%,13600,2.18,31.26,18.55,18.86,0.73,3.72,6.27,1.47,-3.90%,1.66%,-4.60%,7.00%,5.40%,-38.20%,0.30%,0.00%,99.80%
INTU,89.53B,1.83B,7.68B,2.36,0.69%,10600,17.44,49.32,35.66,6.50,0.66,6.92,9.57,0.37,17.30%,7.58%,36.80%,42.50%,21.30%,-,0.20%,-40.57%,88.30%
ISRG,86.72B,1.05B,4.31B,-,-,7326,10.06,85.79,56.31,12.40,0.00,8.77,13.37,3.17,21.50%,6.92%,25.50%,16.70%,15.20%,-78.70%,0.60%,-11.50%,90.70%
IVZ,6.54B,468.90M,6.48B,0.62,4.42%,8717,0.67,13.83,7.79,-,0.90,1.02,1.80,0.47,-41.00%,-9.11%,-10.80%,4.90%,3.20%,-5.40%,0.40%,20.46%,89.00%
IPGP,9.90B,127.40M,1.18B,-,-,5960,3.99,77.15,39.73,3.92,0.02,2.38,4.61,0.88,-56.00%,19.70%,-2.50%,5.30%,6.80%,-46.80%,14.60%,-2.38%,65.90%
IQV,30.99B,132.00M,10.94B,-,-,67000,5.62,247.09,21.72,22.42,2.19,0.67,7.58,1.52,-11.10%,11.02%,-18.80%,2.30%,3.60%,-140.30%,0.40%,-81.62%,90.70%
IRM,7.97B,202.30M,4.19B,2.47,8.98%,26750,7.73,39.19,21.53,4.90,9.46,0.70,1.28,0.25,-27.30%,8.00%,-9.70%,15.80%,7.10%,-107.70%,0.80%,-1.69%,86.70%
JKHY,12.39B,296.70M,1.70B,1.72,1.06%,6717,8.02,42.08,36.86,6.01,0.00,3.86,4.40,1.06,9.80%,7.00%,8.30%,19.70%,19.10%,1.00%,0.60%,-1.80%,93.20%
J,12.94B,342.70M,13.44B,0.76,0.77%,48000,2.22,38.32,17.06,3.66,0.37,2.59,5.82,1.32,26.30%,10.46%,-1.10%,11.50%,5.70%,166.90%,0.10%,-4.05%,89.80%
JBHT,14.97B,489.60M,9.24B,1.08,0.84%,29056,5.65,27.96,20.95,2.58,0.00,4.58,6.11,1.41,6.80%,10.85%,8.50%,22.00%,16.00%,-6.50%,2.10%,-13.62%,72.30%
SJM,13.56B,857.20M,7.99B,3.60,3.05%,7300,1.60,15.61,13.80,22.95,0.64,7.55,8.54,2.22,51.00%,0.68%,15.50%,10.50%,7.10%,53.10%,0.70%,-2.27%,84.40%
JNJ,387.53B,16.69B,80.86B,4.04,2.73%,132200,6.19,23.70,16.45,5.47,0.48,6.25,9.00,1.84,0.50%,4.33%,-0.20%,28.40%,17.30%,-34.70%,0.08%,-2.04%,70.20%
JCI,31.71B,802.00M,22.64B,1.04,2.42%,104000,1.80,42.34,17.57,3.61,0.45,1.02,2.45,0.73,-8.60%,11.73%,-6.90%,4.30%,5.90%,-251.80%,0.20%,-13.53%,93.60%
JPM,310.00B,23.80B,69.90B,3.60,3.55%,256710,1.33,13.25,11.41,-,1.35,7.66,8.89,2.25,20.40%,-1.11%,15.20%,12.10%,8.30%,-50.90%,0.10%,0.00%,72.10%
JNPR,7.46B,349.30M,4.43B,0.80,3.57%,9419,1.66,21.90,12.45,12.17,0.00,1.02,1.80,0.43,-38.40%,1.80%,27.40%,7.70%,5.70%,38.80%,0.10%,-9.81%,94.90%
KSU,17.36B,568.70M,2.76B,1.60,0.89%,7040,3.77,30.66,21.43,3.17,0.85,5.84,8.35,1.93,-8.90%,9.67%,3.50%,13.00%,8.30%,11.30%,0.40%,-4.38%,92.40%
K,23.02B,1.09B,13.47B,2.28,3.40%,31000,8.02,21.14,16.94,11.43,2.94,3.17,3.96,0.86,-26.50%,1.85%,9.80%,39.60%,10.10%,21.30%,17.80%,-1.86%,88.20%
KEY,12.67B,1.10B,5.04B,0.74,5.72%,16587,0.80,11.61,9.75,-,0.88,1.11,1.33,0.37,-5.50%,-12.60%,9.00%,7.20%,11.40%,-59.10%,0.30%,0.10%,83.20%
KEYS,19.78B,605.00M,4.12B,-,-,13800,5.85,32.99,19.49,4.28,0.00,3.18,5.38,1.46,276.40%,7.70%,6.70%,19.30%,12.90%,11.70%,0.30%,-17.51%,92.70%
KMB,52.63B,2.56B,18.84B,4.28,2.79%,40000,194.09,20.61,19.38,3.17,30.23,7.44,7.91,1.75,42.90%,6.51%,9.80%,-,30.60%,42.10%,0.34%,-5.80%,74.80%
KIM,4.81B,970.10M,1.11B,0.40,3.63%,502,0.85,4.88,22.22,1.06,0.96,2.26,0.50,0.06,-21.60%,4.60%,1.00%,19.30%,3.90%,736.90%,2.75%,0.00%,91.50%
KMI,29.40B,161.00M,12.23B,1.05,8.16%,11086,0.92,183.71,13.77,-,1.08,0.07,0.93,0.21,44.70%,-0.60%,1.30%,0.50%,5.80%,-224.30%,10.90%,0.25%,63.10%
KLAC,33.05B,1.22B,5.81B,3.60,1.73%,10600,12.13,27.09,16.99,2.92,1.30,7.69,12.27,2.77,4.50%,9.29%,28.10%,47.20%,22.50%,94.80%,0.30%,-20.70%,93.10%
KHC,39.49B,-192.00M,25.42B,1.60,4.98%,37000,0.80,-,13.04,-,0.59,-0.16,2.47,0.62,119.10%,-3.56%,99.90%,-0.40%,2.90%,-467.40%,0.50%,0.00%,-
KR,26.31B,2.59B,128.91B,0.72,2.11%,435000,2.70,10.41,12.67,1.30,1.37,3.27,2.69,0.65,-45.80%,7.99%,3.20%,28.20%,8.60%,181.80%,0.70%,-6.24%,85.70%
LB,9.34B,-790.00M,11.36B,-,-,25500,-,-,15.74,-,-,-2.86,2.12,0.04,-157.50%,3.70%,-18.90%,48.50%,-0.10%,-228.90%,0.30%,-78.25%,80.40%
LHX,37.50B,1.32B,18.33B,3.40,1.95%,50000,1.70,29.30,13.53,2.19,0.31,5.95,12.89,2.74,-53.40%,13.40%,6.60%,5.90%,2.70%,-41.30%,0.48%,-0.70%,84.50%
LH,18.77B,362.20M,11.47B,-,-,65000,2.63,54.25,12.80,5.91,0.86,3.67,15.55,5.31,-7.70%,9.18%,7.10%,5.00%,7.50%,-37.90%,0.30%,-10.53%,94.00%
LRCX,54.48B,2.25B,10.04B,5.20,1.42%,11300,10.25,24.13,15.19,1.49,1.13,15.12,24.03,5.20,10.20%,16.18%,32.50%,47.30%,21.40%,34.90%,0.20%,-27.10%,88.70%
LW,10.72B,339.50M,3.67B,0.92,1.27%,7700,32.03,31.51,23.89,3.87,9.14,2.31,3.04,0.63,-21.30%,8.15%,6.40%,130.10%,11.80%,-22.90%,0.60%,0.28%,93.30%
LVS,34.94B,341.00M,8.64B,-,-,50000,9.32,103.58,23.62,-,3.72,0.44,1.92,-0.62,11.40%,-6.38%,-0.10%,7.30%,21.30%,-186.90%,0.10%,0.00%,37.90%
LEG,6.05B,226.00M,4.27B,1.60,3.52%,22000,5.08,27.31,18.06,5.25,1.76,1.67,2.52,0.71,9.60%,5.20%,9.70%,18.00%,12.10%,-107.10%,1.40%,0.00%,75.10%
LDOS,12.48B,612.00M,11.59B,1.36,1.55%,34000,3.52,20.62,13.86,1.80,1.41,4.26,6.34,1.24,22.00%,11.43%,24.80%,18.10%,11.20%,14.10%,0.70%,-1.08%,77.50%
LEN,25.88B,2.23B,22.63B,1.00,1.18%,10106,1.52,11.77,10.52,1.03,0.47,7.19,8.05,2.32,1.50%,11.40%,15.50%,13.60%,7.20%,33.30%,0.80%,-12.03%,94.80%
LLY,140.39B,5.62B,22.95B,2.96,2.03%,33625,32.40,23.77,18.24,1.83,3.99,6.15,8.01,1.72,54.10%,12.98%,17.40%,170.70%,24.60%,8.00%,11.70%,-1.41%,78.70%
LNC,6.58B,212.00M,16.93B,1.60,4.74%,11357,0.31,32.05,3.46,1.75,0.32,1.05,9.76,2.04,-41.80%,18.36%,-5.30%,1.20%,4.90%,-127.20%,0.70%,0.22%,80.50%
LIN,120.62B,2.26B,27.20B,3.85,1.65%,76662,2.69,55.38,26.31,5.11,0.38,4.21,8.86,1.96,-70.80%,10.83%,-6.90%,4.80%,3.40%,-7.80%,0.10%,-1.44%,83.20%
LYV,11.81B,-795.20M,8.10B,-,-,10500,33.70,-,-,-,14.32,-3.79,-1.64,-2.22,72.70%,-,45.50%,-87.50%,5.80%,-754.60%,1.50%,-2.14%,73.50%
LKQ,9.68B,556.90M,11.78B,-,-,51000,1.89,17.56,12.58,0.52,0.64,1.82,2.54,0.52,13.30%,33.50%,6.90%,11.20%,7.50%,-19.00%,0.50%,-0.09%,98.90%
LMT,107.94B,6.45B,62.92B,10.40,2.69%,110000,28.82,16.94,14.53,1.89,3.38,22.82,26.61,6.09,25.80%,8.97%,16.80%,181.40%,47.70%,15.80%,0.07%,0.00%,78.30%
L,10.00B,-1178.00M,13.09B,0.25,0.70%,18605,0.58,-,-,-,0.58,-4.20,-,-,54.60%,14.03%,4.10%,-6.50%,4.80%,-462.80%,15.24%,0.00%,65.50%
LOW,133.12B,5.70B,80.39B,2.40,1.35%,200000,30.69,23.61,20.86,1.08,5.01,7.53,8.52,1.90,92.90%,21.80%,15.20%,217.20%,23.40%,74.90%,0.17%,-4.57%,77.20%
LUMN,10.90B,1.22B,21.60B,1.00,10.14%,40000,0.79,8.75,7.32,8.75,2.55,1.13,1.35,0.30,-219.40%,1.00%,-41.30%,9.00%,-6.70%,0.70%,0.60%,0.00%,79.50%
LYB,25.70B,2.04B,29.94B,4.20,5.45%,19100,3.50,12.67,10.51,-,1.95,6.08,7.33,1.14,-20.30%,-2.24%,3.80%,26.60%,17.20%,-65.30%,0.10%,1.34%,70.30%
MTB,12.96B,1.41B,4.57B,4.40,4.40%,16998,0.87,9.32,10.22,-,0.43,10.74,9.79,2.61,8.00%,-8.72%,13.10%,9.70%,15.60%,-48.00%,0.20%,-1.05%,85.10%
MRO,3.37B,-651.00M,4.04B,0.12,2.95%,2000,0.29,-,-,-,0.00,-0.83,-0.62,-0.27,-54.20%,-4.04%,-16.00%,-5.50%,4.10%,-580.00%,0.33%,0.00%,73.70%
MPC,19.87B,-7687.00M,101.69B,2.32,7.90%,60910,0.80,-,-,-,1.35,-11.90,-0.04,-1.43,-24.80%,-7.01%,-2.00%,-26.70%,7.20%,-99.20%,0.10%,0.00%,75.60%
MKTX,20.52B,262.90M,615.10M,2.40,0.45%,527,23.54,77.94,67.22,4.36,0.00,6.90,8.01,1.74,18.50%,17.87%,22.30%,33.80%,25.80%,73.20%,2.80%,-9.33%,92.20%
MAR,31.48B,463.00M,16.80B,-,-,174000,-,70.64,34.18,-,-,1.38,2.86,-0.06,-28.00%,-7.25%,8.40%,128.40%,12.70%,-204.20%,0.40%,-5.84%,60.60%
MMC,57.93B,2.02B,17.07B,1.86,1.62%,76000,7.07,29.05,22.47,5.95,1.60,3.96,5.12,0.72,5.90%,4.88%,5.60%,26.10%,10.00%,72.60%,0.20%,-0.69%,90.60%
MLM,15.99B,622.70M,4.75B,2.28,0.88%,8846,2.94,26.00,25.43,4.79,0.50,9.96,10.18,3.77,31.20%,5.43%,29.10%,11.60%,9.20%,-5.50%,0.50%,-7.17%,99.30%
MAS,15.03B,614.00M,6.21B,0.56,0.97%,18000,-,25.73,19.35,1.79,-,2.23,2.97,0.77,7.10%,14.35%,-0.80%,-611.60%,33.80%,9.70%,0.40%,-23.69%,93.70%
MA,338.93B,7.29B,16.23B,1.60,0.47%,18600,52.70,47.14,39.14,4.25,0.00,7.20,8.67,1.65,43.30%,11.10%,20.70%,128.90%,55.60%,-29.50%,11.10%,-1.61%,77.40%
MKC,26.56B,760.10M,5.53B,2.48,1.24%,12400,6.76,35.27,34.37,7.35,1.06,5.65,5.80,1.63,10.20%,4.80%,9.40%,20.80%,10.30%,7.80%,0.07%,-56.60%,82.80%
MXIM,19.70B,654.70M,2.19B,1.92,2.63%,7115,11.75,30.32,27.00,5.04,0.00,2.41,2.71,0.58,-21.00%,6.02%,27.50%,38.60%,25.00%,-42.00%,0.20%,-25.92%,92.30%
MCD,170.88B,4.77B,19.26B,5.16,2.25%,205000,-,36.37,27.68,7.42,-,6.31,8.29,1.89,4.00%,4.90%,10.50%,-53.70%,27.40%,-67.20%,0.12%,-0.09%,68.60%
MCK,25.39B,922.00M,231.00B,1.68,1.07%,80000,4.66,28.60,9.23,3.55,1.37,5.48,16.97,3.87,1.70%,8.07%,-8.00%,15.90%,23.10%,20.30%,0.33%,-3.45%,91.30%
MDT,144.53B,4.38B,27.93B,2.32,2.11%,90000,2.94,33.98,19.09,3.61,0.57,3.24,5.77,0.80,2.30%,9.41%,7.70%,8.70%,6.70%,-41.50%,0.10%,-2.87%,83.80%
MRK,199.96B,10.53B,47.19B,2.44,3.06%,71000,7.30,19.34,12.62,2.92,1.12,4.13,6.33,1.44,58.90%,6.63%,-1.10%,39.30%,19.20%,14.70%,0.10%,-11.54%,76.20%
MET,35.52B,7.12B,68.36B,1.84,4.68%,49000,0.47,5.10,6.38,1.54,0.24,7.70,6.15,1.60,23.30%,3.31%,2.30%,10.20%,8.30%,-95.80%,0.10%,-0.40%,78.10%
MTD,24.42B,546.80M,2.94B,-,-,16200,54.78,46.19,39.28,4.44,2.67,22.29,26.22,5.95,12.20%,10.40%,14.50%,135.40%,32.80%,3.20%,0.40%,-51.52%,97.50%
MGM,10.44B,1.96B,9.04B,0.01,0.05%,52000,1.42,5.59,-,-,1.57,3.80,-1.06,-1.02,378.50%,-11.57%,71.20%,26.80%,17.40%,-,12.50%,-0.08%,67.70%
MCHP,28.11B,643.50M,5.26B,1.47,1.33%,18000,4.99,44.34,16.57,6.33,1.70,2.50,6.69,1.42,50.80%,7.00%,6.20%,11.70%,7.00%,140.10%,2.20%,-1.00%,-
MU,57.71B,2.69B,21.44B,-,-,37000,1.52,21.71,8.47,2.39,0.18,2.38,6.09,0.48,-51.50%,9.09%,16.80%,6.20%,15.00%,0.60%,0.10%,-5.28%,82.60%
MSFT,1662.31B,44.28B,143.02B,2.24,1.02%,163000,14.08,38.11,29.98,2.55,0.62,5.76,7.33,1.54,13.40%,14.97%,31.30%,39.50%,23.10%,-14.10%,0.10%,-3.72%,72.60%
MAA,14.01B,335.80M,1.66B,4.00,3.35%,2476,2.29,42.98,56.10,6.14,0.75,2.78,2.13,0.49,53.80%,7.00%,9.30%,5.60%,4.10%,21.20%,0.20%,-2.90%,93.70%
MHK,7.33B,482.40M,9.28B,-,-,41800,0.95,15.68,12.48,-,0.34,6.72,8.45,2.10,-13.10%,-10.23%,7.30%,6.10%,7.10%,-124.30%,20.03%,-0.14%,80.20%
TAP,7.62B,-161.10M,9.93B,-,-,17700,0.59,-,9.22,-,0.67,-0.75,3.84,1.01,-78.40%,-5.39%,-16.60%,-1.20%,2.40%,-40.80%,0.20%,0.70%,86.30%
MDLZ,83.33B,3.43B,25.89B,1.26,2.17%,80000,3.19,24.50,20.69,3.86,0.76,2.37,2.80,0.62,16.20%,6.35%,15.70%,13.00%,8.40%,-31.40%,0.10%,-71.48%,78.70%
MNST,42.92B,1.14B,4.31B,-,-,3529,10.08,38.13,31.63,2.70,0.00,2.12,2.55,0.63,15.00%,14.14%,17.00%,28.00%,26.20%,9.90%,0.20%,-31.82%,66.70%
MCO,54.52B,1.74B,5.20B,2.24,0.77%,11279,52.08,31.65,29.06,3.67,0.00,9.13,9.95,2.10,15.40%,8.62%,10.00%,256.40%,26.10%,66.00%,0.30%,-12.81%,92.80%
MS,92.90B,9.32B,51.41B,1.40,2.70%,61596,1.02,8.75,10.11,2.36,6.45,5.93,5.13,1.09,9.70%,3.71%,26.40%,10.30%,1.80%,59.50%,0.20%,-7.00%,58.70%
MOS,7.39B,-1120.70M,8.67B,0.20,1.04%,12600,0.85,-,18.06,-,0.61,-2.96,1.06,0.16,-328.60%,7.00%,-24.90%,-12.40%,-6.30%,120.60%,0.10%,0.00%,78.60%
MSI,29.13B,842.00M,7.64B,2.56,1.50%,17000,-,35.63,19.81,3.45,-,4.80,8.63,1.76,-4.10%,10.32%,30.20%,-94.10%,31.30%,-33.80%,0.10%,-40.19%,89.20%
MSCI,30.24B,523.00M,1.63B,3.12,0.85%,3513,-,59.61,44.41,4.55,-,6.13,8.23,1.80,19.00%,13.10%,31.10%,-235.10%,23.90%,-7.30%,0.50%,-4.28%,94.70%
MYL,8.13B,270.50M,11.50B,-,-,35000,0.69,29.98,3.35,12.76,1.03,0.52,4.69,1.17,-95.00%,2.35%,-58.00%,2.30%,2.30%,123.30%,1.38%,0.18%,92.00%
NDAQ,21.09B,797.00M,4.91B,1.96,1.52%,4296,3.68,26.94,21.62,2.90,0.61,4.78,5.96,1.46,3.90%,9.29%,14.10%,14.40%,8.90%,39.30%,0.20%,-9.60%,78.30%
NOV,3.48B,-2769.00M,7.79B,-,-,35479,0.61,-,-,-,0.42,-7.23,-0.29,-0.10,-125.70%,41.00%,-36.90%,-41.40%,-58.80%,98.30%,0.10%,0.00%,97.70%
NTAP,10.45B,793.00M,5.48B,1.92,4.07%,10800,36.55,13.62,11.77,3.49,9.79,3.46,4.01,0.73,-22.10%,3.91%,15.00%,-,42.40%,-18.20%,0.30%,-6.17%,97.20%
NFLX,239.00B,2.55B,22.63B,-,-,8600,25.05,94.03,60.09,2.49,1.69,5.65,8.83,2.14,46.90%,37.79%,44.20%,33.30%,10.20%,165.10%,1.62%,-6.19%,82.90%
NWL,7.69B,-1099.10M,9.42B,0.92,5.11%,30000,2.19,-,12.51,-,1.77,-2.60,1.44,0.43,103.10%,-1.35%,-20.00%,-25.70%,4.90%,-36.80%,0.40%,0.00%,90.20%
NEM,50.65B,4.01B,10.63B,1.00,1.60%,16600,2.29,12.76,13.98,0.36,0.30,4.91,4.48,0.84,800.20%,35.57%,24.50%,18.00%,10.10%,-,0.20%,-13.15%,84.20%
NWSA,8.23B,-1269.00M,9.01B,0.20,1.42%,23500,1.09,-,31.38,-,0.17,-2.16,0.45,0.00,-918.70%,39.02%,-44.20%,-15.30%,-17.50%,-673.80%,0.58%,0.00%,97.90%
NWS,8.20B,-,9.01B,0.20,1.43%,23500,1.08,-,-,-,-,-2.16,-,-,-,-,-,-,-,-,39.47%,0.00%,32.58%
NEE,146.14B,3.59B,18.98B,5.60,1.83%,8900,4.04,41.69,122.88,5.12,1.26,7.33,2.49,0.66,-38.90%,8.14%,7.20%,9.70%,6.30%,-0.30%,0.10%,-25.34%,80.70%
NLSN,4.97B,-629.00M,6.36B,0.24,1.72%,46000,2.46,-,8.20,-,4.17,-1.77,1.70,0.40,55.90%,-2.78%,-25.90%,-29.90%,1.60%,-124.40%,0.60%,0.00%,-
NKE,202.51B,2.69B,37.34B,0.98,0.77%,75400,21.66,76.37,34.73,3.04,1.03,1.68,3.69,0.61,-35.90%,25.14%,-2.90%,30.20%,13.30%,11.30%,0.50%,-19.28%,83.50%
NI,8.96B,-116.90M,4.90B,0.84,3.57%,8363,1.88,-,17.51,-,2.09,-0.31,1.34,0.02,574.10%,1.81%,1.50%,-2.40%,5.20%,-106.40%,0.10%,-0.43%,94.80%
NSC,55.96B,2.09B,10.24B,3.76,1.72%,24587,3.76,27.25,19.93,3.98,0.85,8.03,10.98,2.38,7.80%,6.84%,9.90%,13.90%,11.80%,-43.30%,0.10%,-22.88%,75.90%
NTRS,18.11B,1.36B,6.47B,2.80,3.20%,19800,1.73,13.62,14.60,-,12.90,6.42,5.98,1.38,0.20%,-0.88%,14.80%,13.50%,1.10%,-16.30%,0.10%,-4.65%,85.90%
NOC,52.49B,2.40B,34.70B,5.80,1.83%,90000,5.43,22.23,12.53,2.54,1.65,14.22,25.25,5.64,-26.60%,8.76%,6.30%,25.70%,16.20%,18.80%,0.10%,-2.98%,83.70%
NLOK,12.47B,689.00M,2.45B,0.50,2.37%,3600,-,19.54,13.80,3.91,-,1.08,1.53,0.33,607.20%,5.00%,41.80%,-,8.20%,310.00%,0.30%,-86.17%,92.10%
NCLH,4.44B,-2024.30M,4.66B,-,-,36000,0.89,-,-,-,2.39,-9.14,-4.46,-2.24,1.00%,-,21.90%,-37.70%,8.90%,-369.70%,0.90%,0.00%,47.30%
NRG,8.31B,4.27B,9.45B,1.20,3.56%,4577,4.72,1.99,7.76,-,3.32,16.95,4.34,1.21,944.20%,-12.80%,132.40%,496.90%,59.10%,80.70%,0.80%,0.00%,99.10%
NUE,14.87B,508.20M,20.55B,1.61,3.26%,26800,1.47,29.52,17.54,-,0.53,1.67,2.81,0.51,-44.40%,-5.42%,14.40%,4.90%,10.10%,-87.70%,0.50%,-1.85%,78.20%
NVDA,344.78B,3.39B,13.07B,0.64,0.12%,13775,24.46,101.29,49.83,5.81,0.00,5.45,11.09,2.56,-25.10%,17.44%,32.20%,26.90%,18.80%,10.90%,0.30%,-22.26%,70.90%
NVR,16.48B,819.70M,7.14B,-,-,5700,6.16,21.01,15.77,4.38,0.46,208.09,277.21,59.79,13.60%,4.80%,28.30%,33.70%,30.80%,-20.00%,0.10%,-33.86%,84.60%
ORLY,34.77B,1.55B,10.72B,-,-,53159,58.82,22.88,20.99,1.77,7.01,20.41,22.25,6.24,11.20%,12.90%,19.50%,490.90%,35.50%,57.50%,0.30%,-30.90%,85.60%
OXY,9.87B,-11405.00M,21.68B,0.04,0.40%,14400,0.68,-,-,-,2.83,-12.59,-1.49,-0.69,-122.40%,-,-45.40%,-59.80%,-1.10%,-587.60%,0.10%,-7.90%,70.40%
ODFL,23.94B,589.10M,3.94B,0.60,0.30%,20105,7.91,40.69,31.49,3.75,0.05,4.93,6.37,1.53,3.70%,10.86%,19.80%,19.70%,19.50%,-13.20%,0.10%,0.00%,76.10%
OMC,11.34B,939.10M,13.97B,2.60,4.95%,70000,4.67,12.23,9.76,3.82,2.37,4.29,5.38,1.06,1.80%,3.20%,7.00%,36.90%,19.90%,-106.70%,0.60%,0.00%,99.10%
OKE,13.25B,620.80M,8.72B,3.74,12.94%,2882,1.94,19.41,10.84,-,2.29,1.49,2.67,0.59,10.70%,-1.36%,15.10%,10.20%,8.10%,-57.50%,0.67%,0.00%,69.10%
ORCL,181.99B,10.25B,39.22B,0.96,1.59%,135000,19.32,18.91,13.21,2.45,7.46,3.19,4.56,1.00,7.40%,7.72%,6.90%,79.80%,14.30%,15.60%,38.00%,-1.11%,51.10%
OTIS,28.24B,924.00M,12.66B,0.80,1.23%,69000,-,30.50,25.97,6.49,-,2.13,2.50,0.56,64.90%,4.70%,-,-,72.20%,-18.10%,-,-,86.30%
PCAR,30.86B,1.65B,20.71B,1.28,1.42%,27000,3.19,18.97,18.10,-,0.00,4.74,4.97,0.96,10.10%,-2.45%,12.50%,16.80%,11.90%,-76.10%,1.40%,-2.85%,64.90%
PKG,11.26B,510.40M,6.72B,3.16,2.64%,15500,3.59,22.08,20.25,-,0.80,5.42,5.91,1.41,-5.60%,-10.43%,13.00%,16.50%,15.00%,-70.90%,1.30%,0.00%,93.70%
PH,28.68B,1.21B,13.70B,3.52,1.58%,50520,4.68,24.01,17.00,3.12,1.38,9.28,13.11,2.32,-19.80%,7.70%,5.90%,19.40%,8.30%,-28.50%,0.40%,-10.36%,81.10%
PAYX,29.94B,1.05B,3.98B,2.48,2.96%,15600,10.82,28.90,27.33,8.53,0.29,2.90,3.06,0.66,6.20%,3.39%,10.40%,38.40%,31.30%,-19.90%,10.70%,-1.96%,72.40%
PAYC,22.00B,176.10M,792.40M,-,-,3765,37.50,126.59,91.45,8.80,0.05,3.02,4.18,0.55,32.30%,14.39%,95.20%,32.20%,32.30%,-70.20%,7.00%,-24.75%,75.30%
PYPL,238.48B,2.58B,19.22B,-,-,23200,13.59,93.83,44.89,4.06,0.00,2.18,4.55,0.94,19.90%,23.14%,43.20%,15.40%,10.00%,86.40%,0.10%,-18.10%,86.30%
PNR,8.26B,340.70M,2.89B,0.76,1.52%,9500,4.24,24.72,19.82,6.34,0.52,2.02,2.52,0.51,8.10%,3.90%,2.90%,17.50%,13.00%,-34.30%,0.20%,-3.08%,90.70%
PBCT,4.51B,478.60M,1.92B,0.72,6.81%,6110,0.59,9.21,10.78,0.67,0.00,1.15,0.98,0.29,0.80%,13.73%,8.70%,6.50%,11.70%,-37.40%,0.30%,-1.39%,76.60%
PEP,195.45B,7.06B,68.56B,4.09,2.89%,116000,14.55,27.99,23.50,4.75,3.31,5.06,6.03,1.45,-40.70%,5.90%,4.00%,51.90%,17.80%,10.30%,0.10%,-2.44%,73.10%
PKI,13.79B,294.10M,2.98B,0.28,0.23%,13000,4.65,46.87,20.19,3.18,0.66,2.65,6.14,1.50,-2.70%,14.75%,7.70%,10.50%,6.50%,97.80%,0.20%,-17.97%,93.10%
PRGO,6.37B,240.20M,5.07B,0.90,1.90%,11200,1.09,27.07,11.03,2.71,0.70,1.75,4.29,0.85,13.00%,10.00%,3.20%,4.10%,2.00%,568.50%,0.20%,-0.65%,85.60%
PFE,203.10B,13.85B,49.20B,1.52,4.01%,88300,3.28,15.45,11.71,2.88,0.99,2.46,3.24,0.72,62.30%,5.37%,14.70%,22.00%,14.70%,-31.50%,0.04%,-7.50%,71.90%
PM,123.24B,7.27B,29.16B,4.80,6.06%,73500,-,16.99,13.97,2.95,-,4.67,5.67,1.36,-9.60%,5.77%,-0.70%,-61.20%,42.30%,-16.20%,0.10%,-5.67%,75.50%
PSX,22.93B,-1153.00M,87.45B,3.60,7.12%,14500,1.07,-,12.07,-,0.70,-2.66,4.19,-0.60,-42.10%,-,-0.60%,-5.20%,4.40%,-110.40%,0.20%,0.69%,69.90%
PNW,9.10B,475.80M,3.45B,3.13,3.86%,97,1.66,19.22,16.17,5.69,1.13,4.22,5.01,2.72,-18.00%,3.38%,0.50%,10.90%,5.00%,34.00%,0.10%,0.00%,87.50%
PXD,15.15B,422.00M,8.20B,2.20,2.44%,3149,1.27,35.49,18.59,3.18,0.19,2.54,4.85,0.39,-20.80%,11.18%,-8.80%,3.50%,8.50%,-164.50%,0.20%,-6.44%,94.00%
PNC,46.51B,2.63B,12.07B,4.60,4.13%,50017,0.90,18.34,14.70,-,0.73,6.08,7.59,2.36,6.30%,-6.89%,9.20%,9.50%,8.90%,-177.00%,0.23%,0.10%,82.00%
POOL,14.44B,286.00M,3.44B,2.32,0.65%,4500,29.51,51.28,42.98,3.02,0.90,7.01,8.36,2.18,13.80%,17.00%,21.30%,69.30%,30.90%,20.30%,0.80%,-37.83%,94.70%
PPG,32.27B,1.00B,13.89B,2.16,1.57%,47600,6.72,32.56,21.18,5.66,1.30,4.21,6.48,1.92,-2.20%,5.75%,6.80%,20.00%,12.60%,-63.20%,0.42%,-1.53%,78.70%
PPL,21.95B,1.74B,7.68B,1.66,5.81%,12280,1.68,12.43,11.60,-,1.84,2.30,2.46,0.61,-8.00%,-,1.90%,13.60%,6.70%,-25.70%,0.07%,0.00%,70.50%
PFG,11.41B,1.27B,16.19B,2.24,5.44%,17601,0.74,9.06,6.76,1.33,0.28,4.55,6.10,1.39,-7.30%,6.83%,5.90%,8.80%,7.80%,5.20%,0.30%,3.51%,72.40%
PG,358.08B,12.76B,70.95B,3.16,2.19%,99000,7.85,29.12,24.99,3.77,0.76,4.96,5.78,1.42,246.70%,7.72%,11.80%,28.30%,16.10%,153.60%,0.10%,-89.86%,65.50%
PGR,57.08B,4.38B,40.54B,0.40,0.41%,41571,3.49,12.95,17.33,9.12,0.33,7.45,5.57,1.44,51.90%,1.42%,25.50%,30.80%,23.70%,83.30%,0.30%,-10.40%,84.20%
PLD,77.56B,1.75B,4.01B,2.32,2.23%,1712,2.39,40.38,86.17,-,0.49,2.58,1.21,0.31,-13.70%,-6.05%,15.20%,6.30%,2.70%,-9.90%,0.52%,-0.38%,98.10%
PRU,26.28B,-173.00M,60.12B,4.40,6.64%,51511,0.40,-,5.69,-,0.34,-0.62,11.64,2.71,10.60%,3.76%,28.60%,-0.30%,4.90%,-458.80%,0.20%,-0.36%,60.40%
PEG,29.56B,1.74B,9.61B,1.96,3.29%,12992,1.94,17.35,17.55,S&P 500,1.09,3.43,3.39,0.96,17.70%,1.47%,2.20%,11.40%,5.40%,194.80%,0.06%,-4.67%,71.30%
PSA,40.96B,1.22B,2.87B,8.00,3.43%,5900,8.37,33.24,32.60,1.96,0.51,7.01,7.15,1.69,-14.60%,17.00%,6.80%,24.70%,21.20%,-19.70%,9.90%,0.21%,81.80%
PHM,13.11B,1.15B,10.62B,0.48,1.01%,5245,2.19,11.25,9.55,5.62,0.52,4.25,5.00,1.12,3.00%,2.00%,23.70%,20.90%,11.90%,-12.40%,0.20%,-16.56%,90.60%
PVH,4.54B,-1006.40M,8.11B,-,-,21500,0.96,-,10.83,-,0.78,-14.19,5.74,0.17,-40.10%,-5.96%,1.20%,-19.30%,6.20%,-128.10%,1.30%,0.00%,-
QRVO,15.53B,391.70M,3.25B,-,-,7900,3.55,40.65,16.80,3.29,0.43,3.32,8.02,2.10,103.80%,12.35%,-2.50%,9.10%,4.60%,154.30%,0.50%,-12.10%,89.70%
PWR,8.62B,366.80M,11.74B,0.20,0.32%,9800,2.21,24.84,15.29,2.48,0.35,2.50,4.05,1.09,46.40%,10.03%,17.30%,9.40%,7.20%,177.40%,0.40%,-1.01%,94.90%
QCOM,145.07B,2.74B,20.00B,2.60,2.02%,37000,44.04,54.56,19.97,1.87,4.82,2.37,6.46,1.17,216.30%,29.15%,-4.00%,69.60%,21.30%,-57.50%,0.12%,-18.61%,77.50%
DGX,15.87B,749.00M,7.53B,2.24,1.86%,47000,2.76,21.85,13.35,1.87,0.78,5.50,9.01,3.73,18.70%,11.70%,10.20%,13.20%,9.40%,-10.70%,0.40%,-26.97%,91.90%
RL,5.53B,14.20M,5.22B,-,-,13700,2.14,-,12.70,-,0.83,-0.08,5.89,0.83,-40.20%,2.75%,-15.70%,4.90%,6.10%,-219.20%,3.20%,0.00%,-
RJF,10.89B,872.00M,8.13B,1.48,1.86%,14200,1.57,12.89,13.50,-,4.11,6.18,5.91,1.34,11.00%,-3.87%,16.60%,12.80%,3.30%,-31.30%,0.10%,-20.58%,75.20%
RTX,92.41B,-1115.00M,64.47B,1.90,3.08%,243200,1.38,151.35,16.29,-,0.49,0.41,3.79,0.50,-13.70%,-13.50%,-0.70%,-3.40%,7.50%,-286.90%,0.10%,0.03%,76.30%
O,20.84B,485.00M,1.60B,2.81,4.64%,194,2.01,41.52,41.32,7.62,0.76,1.46,1.47,0.35,10.10%,5.45%,6.10%,4.90%,2.30%,2.60%,0.10%,0.00%,76.10%
REG,6.54B,91.00M,1.09B,2.38,6.34%,450,1.04,69.39,32.25,7.63,0.70,0.54,1.16,0.21,-2.60%,9.10%,-4.50%,1.50%,3.00%,-63.60%,0.60%,-2.50%,-
REGN,62.26B,2.98B,8.00B,-,-,8100,7.26,23.22,17.06,1.97,0.24,25.83,35.15,7.04,-10.80%,11.77%,44.00%,27.90%,16.10%,351.70%,0.90%,-44.94%,90.00%
RF,12.04B,653.00M,4.41B,0.62,4.97%,19564,0.75,18.75,9.83,-,0.38,0.67,1.27,0.33,13.00%,-,14.00%,4.20%,14.70%,-166.80%,0.10%,1.58%,76.60%
RSG,29.75B,1.06B,10.23B,1.70,1.82%,36000,3.63,28.30,26.59,3.98,1.05,3.31,3.52,0.81,5.50%,7.11%,16.90%,13.10%,9.30%,-9.40%,0.10%,-40.33%,93.50%
RMD,26.02B,621.70M,2.96B,1.56,0.86%,7770,10.50,42.36,34.17,2.01,0.47,4.27,5.29,0.99,50.20%,21.10%,11.50%,27.20%,18.60%,156.30%,0.50%,-9.28%,72.10%
RHI,6.51B,366.10M,5.70B,1.36,2.40%,16000,5.53,17.75,19.12,6.57,0.00,3.19,2.96,0.58,8.10%,2.70%,11.60%,32.20%,39.30%,-58.30%,0.30%,-1.03%,97.50%
ROK,28.70B,768.20M,6.49B,4.08,1.64%,23000,37.39,37.77,31.19,17.29,3.11,6.59,7.98,1.75,-31.10%,2.18%,-0.30%,122.30%,26.10%,23.90%,0.20%,-26.36%,80.00%
ROL,19.49B,212.60M,2.10B,0.32,0.54%,15000,22.73,92.10,70.57,11.23,0.30,0.65,0.85,0.24,-13.10%,8.20%,8.10%,26.00%,18.90%,17.10%,49.90%,0.00%,42.10%
ROP,45.07B,1.61B,5.41B,2.05,0.47%,16460,4.59,28.37,30.61,28.37,0.59,15.29,14.18,3.04,88.80%,1.00%,21.30%,17.10%,13.30%,-12.50%,0.50%,-13.34%,95.90%
ROST,34.24B,543.30M,12.79B,-,-,92500,11.69,63.29,22.06,19.47,1.08,1.50,4.31,0.60,8.00%,3.25%,15.80%,17.60%,44.70%,-94.50%,0.40%,0.00%,89.40%
RCL,12.75B,-1927.40M,7.91B,3.12,5.30%,85300,1.37,-,-,-,2.10,-9.23,-9.67,-5.16,4.50%,-,21.20%,-17.80%,9.10%,-447.80%,8.60%,-17.59%,62.70%
SPGI,83.73B,2.59B,7.15B,2.68,0.77%,22500,400.20,32.82,29.90,3.32,0.00,10.61,11.65,2.58,11.20%,9.89%,58.40%,-,56.20%,45.90%,0.10%,-18.39%,85.40%
CRM,234.53B,373.00M,19.38B,-,-,49000,6.08,662.95,68.65,39.64,0.00,0.39,3.77,0.75,-89.60%,16.72%,18.80%,6.80%,-0.70%,492.20%,3.40%,-6.82%,84.00%
SBAC,34.76B,-15.20M,2.05B,1.86,0.60%,1475,-,-,109.94,-,-,-0.16,2.82,0.46,260.60%,44.33%,54.50%,0.40%,8.10%,-27.80%,0.50%,-28.95%,97.50%
SLB,22.79B,-21860.00M,29.58B,0.50,3.34%,105000,1.73,-,21.73,-,1.44,-15.77,0.69,0.14,-576.90%,-7.83%,-29.90%,-95.30%,-24.50%,-801.50%,0.10%,-2.83%,75.50%
STX,13.17B,1.00B,10.51B,2.60,5.05%,42000,7.46,13.57,9.79,1.73,2.34,3.79,5.25,0.88,-46.30%,7.85%,-6.40%,55.90%,21.30%,-82.20%,0.20%,-28.40%,88.10%
SEE,6.53B,388.90M,4.84B,0.64,1.54%,16500,-,16.60,13.52,2.57,-,2.51,3.08,0.66,-34.10%,6.45%,5.10%,-211.90%,11.90%,201.50%,0.20%,-22.77%,94.30%
SRE,37.18B,2.08B,11.20B,4.18,3.26%,13969,1.84,18.51,15.97,2.95,1.27,6.92,8.02,1.58,120.00%,6.27%,5.30%,23.50%,5.50%,59.10%,0.06%,-1.04%,89.10%
NOW,99.87B,728.30M,3.95B,-,-,11901,40.50,143.33,95.57,5.17,0.00,3.66,5.49,1.03,33.10%,27.71%,35.50%,35.10%,21.30%,441.00%,0.10%,-71.70%,93.50%
SHW,62.64B,1.74B,17.73B,5.36,0.77%,61111,16.25,37.05,27.06,3.90,2.29,18.77,25.69,7.75,42.40%,9.51%,13.50%,45.50%,11.80%,28.70%,0.20%,-30.30%,79.60%
SPG,19.92B,1.75B,5.32B,5.20,8.02%,3000,9.97,11.39,14.32,1.32,13.72,5.69,4.53,0.90,-13.40%,8.60%,9.00%,75.60%,10.50%,-48.20%,0.10%,0.33%,91.40%
SWKS,25.62B,786.60M,3.23B,2.00,1.31%,9000,6.12,33.32,21.98,2.63,0.00,4.60,6.97,1.52,-22.10%,12.65%,15.80%,18.60%,20.70%,-7.30%,0.30%,-17.73%,80.20%
SLG,3.47B,221.80M,1.19B,3.54,7.48%,1033,0.73,16.73,-,-,1.28,2.83,-0.89,-0.22,16.20%,-10.84%,-1.80%,4.30%,3.80%,-61.70%,0.46%,-23.03%,-
SNA,8.60B,573.60M,3.77B,4.32,2.71%,12800,2.48,15.36,14.91,1.54,0.42,10.37,10.68,2.16,4.00%,10.00%,11.70%,17.00%,16.40%,-42.70%,1.00%,-9.57%,99.40%
SO,61.28B,3.24B,20.55B,2.56,4.39%,27943,2.23,19.14,17.58,4.21,1.73,3.05,3.32,1.23,109.90%,4.55%,15.60%,11.70%,8.00%,-32.60%,0.14%,-4.95%,59.40%
LUV,22.89B,132.00M,16.61B,-,-,61118,2.05,116.36,48.33,-,0.88,0.34,0.82,-2.35,-2.00%,-13.81%,20.80%,1.60%,18.20%,-218.90%,0.10%,-3.69%,74.60%
SWK,28.21B,801.20M,13.62B,2.80,1.59%,59438,3.20,33.35,19.43,4.89,0.63,5.29,9.08,2.68,19.60%,6.83%,3.40%,10.30%,11.10%,-34.70%,0.10%,-37.59%,91.20%
SBUX,103.84B,1.34B,24.06B,1.80,2.03%,346000,-,79.96,32.68,29.53,-,1.11,2.71,0.31,-13.00%,2.71%,16.60%,-18.40%,77.60%,-151.70%,0.10%,-12.84%,70.80%
STT,23.59B,2.26B,3.45B,2.08,3.12%,39068,1.05,10.66,10.41,3.42,0.00,6.25,6.40,1.52,-14.70%,3.12%,3.50%,9.90%,5.80%,31.30%,0.20%,-0.88%,94.20%
STE,15.93B,411.20M,3.00B,1.60,0.85%,13000,4.62,39.35,28.94,3.94,0.30,4.80,6.53,1.27,33.80%,10.00%,16.20%,12.20%,9.80%,4.10%,0.30%,-50.15%,93.60%
SYK,83.46B,1.60B,14.07B,2.30,1.03%,40000,6.60,53.22,25.05,6.77,1.01,4.21,8.95,1.41,4.60%,7.86%,32.40%,12.60%,9.30%,-117.50%,0.10%,-34.63%,74.20%
SIVB,14.15B,891.30M,2.26B,-,-,3984,2.02,15.90,18.25,2.00,0.12,17.18,14.97,5.14,20.00%,7.95%,32.50%,13.90%,24.20%,-27.30%,0.30%,-22.89%,94.20%
SYF,16.99B,2.10B,17.80B,0.88,3.00%,16500,1.54,9.02,9.54,-,1.44,3.26,3.08,0.72,48.90%,-14.90%,14.90%,16.20%,33.50%,-94.90%,0.30%,0.96%,-
SNPS,34.61B,627.60M,3.51B,-,-,13896,7.46,56.02,36.75,3.61,0.03,4.04,6.16,1.58,-3.10%,15.50%,16.00%,14.70%,12.00%,150.90%,0.30%,-50.00%,91.80%
SYY,33.86B,215.50M,52.89B,1.80,2.74%,57000,28.85,166.53,22.01,7.54,12.47,0.40,2.99,0.25,-87.00%,22.08%,-18.30%,10.50%,3.90%,-217.50%,0.10%,271.27%,82.60%
TMUS,142.72B,2.36B,51.72B,-,-,53000,2.26,40.98,61.91,-,1.24,2.81,1.86,0.44,19.40%,-1.40%,67.70%,7.20%,7.90%,-115.60%,0.30%,2.07%,40.70%
TROW,33.34B,1.98B,5.77B,3.60,2.45%,7365,4.95,17.44,15.08,1.77,0.00,8.43,9.75,2.42,17.90%,9.84%,13.90%,29.20%,24.10%,18.90%,0.80%,-8.42%,71.00%
TTWO,19.21B,446.70M,3.38B,-,-,5800,7.23,43.10,30.10,2.93,0.00,3.90,5.59,1.47,24.00%,14.72%,24.70%,18.30%,14.60%,89.20%,0.30%,-34.57%,96.80%
TPR,5.42B,-652.10M,4.96B,-,-,9200,2.37,-,8.86,-,1.01,-2.37,2.20,0.19,-207.70%,7.00%,-29.30%,-23.20%,-12.60%,-397.90%,0.40%,2.67%,91.30%
TGT,82.83B,3.51B,84.65B,2.72,1.65%,368000,6.56,23.87,21.46,3.18,1.14,6.91,7.69,1.52,16.80%,7.51%,10.40%,29.90%,16.00%,84.30%,0.20%,-28.92%,84.10%
TEL,35.36B,-111.00M,12.21B,1.92,1.78%,78000,3.94,-,21.58,-,0.45,-0.35,4.99,0.86,-35.90%,11.00%,8.10%,-1.00%,13.70%,-107.90%,0.10%,-26.27%,94.80%
FTI,3.18B,-5777.50M,13.35B,0.13,1.89%,37000,0.74,-,9.58,-,1.09,-12.93,0.72,0.22,-29.30%,1.80%,-,-89.10%,-14.90%,-87.90%,0.70%,0.00%,83.80%
TDY,12.08B,398.30M,3.16B,-,-,11790,4.25,31.58,29.82,1.09,0.30,10.55,11.18,2.36,19.20%,29.10%,13.30%,14.60%,11.80%,-11.40%,1.10%,-18.76%,89.30%
TFX,16.83B,479.30M,2.53B,1.36,0.37%,14400,5.48,35.98,27.41,2.77,0.78,10.16,13.33,2.24,133.70%,13.00%,19.10%,16.00%,11.10%,-86.30%,0.10%,-7.05%,93.80%
TER,14.49B,626.00M,2.78B,0.40,0.46%,5400,8.23,24.98,21.17,1.50,0.23,3.47,4.09,1.12,24.70%,16.66%,48.10%,40.00%,26.40%,92.20%,0.60%,-15.18%,98.60%
TXN,139.73B,5.02B,13.69B,4.08,2.66%,29768,18.36,28.72,27.99,2.87,0.89,5.33,5.47,1.28,-5.60%,10.00%,15.30%,60.40%,34.10%,8.80%,0.24%,-12.12%,86.20%
TXT,8.29B,377.00M,12.54B,0.08,0.22%,35000,1.50,22.21,14.29,-,0.86,1.63,2.54,0.36,-26.60%,-4.78%,10.30%,6.80%,9.40%,-143.40%,0.40%,-24.55%,86.70%
TMO,183.78B,3.73B,26.25B,0.88,0.19%,75000,6.20,50.33,26.71,3.77,0.71,9.31,17.54,4.31,22.10%,13.36%,14.30%,12.60%,8.50%,4.60%,0.10%,-49.85%,91.50%
TIF,14.77B,246.90M,3.68B,2.32,1.89%,14100,4.66,60.63,29.84,-,0.46,2.02,4.11,0.58,-3.70%,-0.83%,3.60%,7.70%,13.40%,-76.70%,0.30%,0.00%,90.90%
TJX,68.84B,711.30M,33.73B,-,-,286000,14.56,100.27,22.37,47.75,1.33,0.57,2.53,0.39,9.80%,2.10%,11.10%,13.60%,40.20%,-128.90%,0.10%,-8.64%,93.00%
TSCO,17.68B,688.80M,9.31B,1.60,1.05%,16000,10.46,26.22,24.43,1.56,0.56,5.84,6.27,1.35,8.00%,16.85%,11.90%,45.10%,29.10%,60.70%,0.30%,-59.54%,88.90%
TT,31.27B,1.03B,14.28B,2.12,1.62%,50000,5.30,30.94,27.73,8.95,0.89,4.24,4.73,1.35,3.90%,3.46%,11.40%,14.70%,13.00%,-32.00%,0.30%,-12.12%,85.30%
TDG,26.63B,575.70M,5.31B,-,-,18300,-,48.72,40.75,290.01,-,10.10,12.07,1.98,-5.20%,0.17%,32.60%,-17.80%,12.20%,-104.10%,0.50%,106.17%,-
TRV,28.52B,1.81B,31.41B,3.40,3.00%,30800,1.06,16.17,10.98,4.94,0.26,7.01,10.32,3.11,6.90%,3.28%,-1.50%,7.00%,9.10%,-107.80%,0.29%,0.11%,84.10%
TFC,56.75B,3.66B,14.75B,1.80,4.32%,59000,0.91,14.22,11.92,-,0.64,2.93,3.50,0.94,-4.10%,-9.10%,6.40%,6.10%,6.00%,-38.80%,0.10%,-5.36%,73.80%
TWTR,36.41B,-1231.10M,3.32B,-,-,4900,4.70,-,60.84,-,0.45,-1.57,0.75,0.06,19.60%,-,31.60%,-14.70%,12.80%,-223.00%,0.20%,-10.46%,74.60%
TYL,15.96B,188.60M,1.11B,-,-,5495,8.71,86.28,68.13,8.63,0.00,4.62,5.85,1.33,0.60%,10.00%,17.00%,11.30%,8.80%,61.90%,1.30%,-41.03%,93.80%
TSN,22.03B,1.82B,42.61B,1.68,2.81%,141000,1.45,11.92,10.17,1.35,0.81,5.01,5.87,1.20,0.70%,8.83%,18.60%,12.60%,9.60%,-21.80%,0.10%,-0.98%,84.80%
UDR,9.98B,183.60M,1.23B,1.44,4.36%,1330,2.90,52.82,-,-,1.42,0.63,0.00,0.00,-14.50%,-,86.90%,5.50%,2.70%,57.00%,0.50%,-2.58%,-
ULTA,13.46B,282.00M,6.39B,-,-,18000,7.70,49.50,22.46,45.12,0.45,4.89,10.78,1.41,11.00%,1.10%,25.00%,15.50%,36.80%,-94.80%,0.20%,-11.54%,89.70%
USB,58.96B,4.60B,15.62B,1.68,4.29%,69651,1.28,12.96,12.66,6.40,0.93,3.02,3.09,0.92,0.40%,2.03%,6.20%,13.10%,11.70%,-62.70%,0.09%,0.00%,75.90%
UAA,5.49B,-685.60M,4.51B,-,-,7000,4.15,-,125.00,-,0.87,-1.51,0.10,0.01,-317.60%,-8.11%,-26.50%,-37.70%,6.10%,-947.20%,0.33%,0.00%,81.70%
UA,5.11B,-,4.51B,-,-,7000,3.61,-,75.33,-,-,-1.52,0.15,0.05,-314.70%,21.80%,-,-,-,-,15.29%,0.00%,74.44%
UNP,141.75B,5.56B,20.20B,3.88,1.85%,31965,8.64,26.07,22.36,3.84,1.73,8.05,9.39,2.06,6.00%,6.80%,7.80%,32.40%,15.50%,-24.80%,0.10%,-3.25%,81.60%
UAL,9.97B,-4531.00M,22.83B,-,-,87887,1.42,-,-,-,3.90,-16.45,-3.94,-6.29,51.30%,-,31.60%,-49.70%,12.90%,-258.40%,0.10%,-38.51%,62.60%
UNH,308.45B,16.73B,252.58B,5.00,1.52%,325000,4.92,18.96,17.97,1.49,0.72,17.40,18.36,2.39,17.50%,12.69%,20.20%,23.60%,16.20%,102.40%,0.30%,-10.93%,89.60%
UPS,150.26B,4.38B,77.38B,4.04,2.32%,495000,34.61,34.66,21.55,4.74,6.18,5.03,8.10,1.88,-7.20%,7.31%,9.30%,106.20%,23.10%,4.90%,-,-,70.30%
URI,13.58B,1.11B,9.01B,-,-,19100,3.56,13.01,11.76,-,2.66,14.83,16.41,4.28,14.50%,-2.20%,24.00%,29.70%,11.90%,-14.80%,0.30%,-27.68%,97.67%
UHS,9.58B,734.30M,11.28B,-,-,67700,1.68,13.31,10.77,1.29,0.62,8.48,10.48,1.94,10.80%,10.30%,11.00%,13.40%,10.30%,10.80%,1.10%,0.00%,95.40%
UNM,3.83B,964.70M,11.91B,1.14,6.11%,10300,0.36,3.97,3.52,0.68,0.36,4.70,5.31,1.31,120.40%,5.87%,27.30%,9.70%,9.60%,-2.10%,0.90%,-0.14%,96.80%
VFC,30.29B,160.60M,9.29B,1.92,2.53%,48000,10.12,227.01,28.73,35.94,1.93,0.33,2.64,0.93,-40.90%,6.32%,-13.80%,17.60%,9.00%,-540.00%,0.20%,-1.78%,79.90%
VLO,16.95B,1.06B,87.63B,3.92,9.75%,10222,0.82,15.53,27.34,-,0.64,2.59,1.47,-1.38,-19.40%,-8.01%,-3.50%,5.20%,10.00%,109.80%,0.10%,0.00%,78.00%
VAR,15.68B,260.80M,3.20B,-,-,10062,8.08,60.38,33.37,6.10,0.31,2.85,5.15,1.02,-16.10%,9.90%,-3.30%,14.20%,12.10%,72.10%,0.10%,-49.78%,97.20%
VTR,16.25B,412.60M,3.93B,1.80,4.22%,516,1.51,39.03,279.08,-,1.19,1.09,0.15,0.02,8.90%,-0.50%,-0.60%,3.80%,3.70%,-173.20%,0.10%,-4.03%,93.80%
VRSN,23.96B,788.80M,1.25B,-,-,872,-,30.76,35.42,3.84,-,6.74,5.85,1.26,54.20%,8.00%,23.50%,-54.90%,305.70%,6.80%,1.10%,-9.67%,93.70%
VRSK,31.18B,515.80M,2.70B,1.08,0.56%,9060,14.36,61.83,36.05,6.29,1.44,3.11,5.34,1.20,-24.20%,9.83%,5.20%,24.00%,10.70%,20.20%,0.40%,-32.99%,92.40%
VZ,249.59B,19.15B,129.73B,2.51,4.32%,135300,3.83,12.55,11.78,7.65,1.80,4.62,4.93,1.22,23.80%,1.64%,14.00%,31.50%,13.70%,19.20%,0.03%,-0.92%,67.50%
VRTX,56.07B,2.08B,5.40B,-,-,3000,7.53,27.56,19.11,1.12,0.00,7.91,11.41,2.32,118.10%,24.55%,28.00%,32.90%,14.70%,208.80%,0.10%,-65.77%,96.00%
VIAC,17.25B,2.20B,32.78B,0.96,3.44%,23990,1.24,7.15,6.15,3.50,1.45,3.91,4.55,0.76,-2.90%,2.04%,16.70%,20.20%,13.10%,-50.80%,0.10%,-2.84%,83.00%
V,424.62B,11.33B,22.88B,1.20,0.60%,19500,13.11,38.08,34.46,4.42,0.69,5.26,5.81,1.09,20.00%,8.61%,19.80%,38.30%,26.50%,-21.70%,0.20%,-6.22%,96.40%
VNT,3.74B,311.90M,2.60B,-,-,8300,-,15.26,11.86,4.49,0.01,1.85,2.38,0.71,13.10%,3.40%,-,-,23.30%,-66.10%,24.90%,0.00%,-
VNO,6.53B,323.20M,1.71B,2.12,6.23%,4008,1.16,20.10,73.14,1.16,1.42,1.69,0.47,0.14,706.90%,17.33%,73.00%,5.50%,20.90%,-108.20%,8.44%,0.00%,84.10%
VMC,19.31B,631.60M,4.98B,1.36,0.93%,8767,3.37,30.92,29.37,3.17,0.57,4.74,4.99,1.63,20.60%,9.77%,24.50%,11.10%,8.80%,6.80%,0.10%,0.00%,91.10%
WRB,11.05B,351.40M,7.69B,0.48,0.77%,7493,1.99,33.98,19.84,6.01,0.50,1.83,3.13,0.70,9.60%,5.65%,1.70%,6.00%,9.30%,-66.20%,9.80%,0.00%,73.40%
WAB,12.09B,424.50M,8.04B,0.48,0.76%,27500,1.22,28.58,14.52,3.91,0.45,2.22,4.36,0.90,-36.70%,7.30%,-12.70%,4.30%,3.80%,-15.90%,0.40%,-15.98%,92.10%
WMT,409.56B,17.90B,542.03B,2.16,1.49%,2200000,5.44,23.07,25.81,3.60,0.69,6.27,5.61,1.18,114.90%,6.41%,0.90%,24.70%,12.10%,80.70%,0.90%,-9.83%,30.20%
WBA,32.62B,456.00M,139.54B,1.87,5.00%,223000,1.57,75.73,7.24,-,0.81,0.49,5.16,1.04,-88.00%,-0.15%,-33.60%,2.10%,2.40%,-42.80%,0.10%,0.00%,58.80%
DIS,230.15B,-1325.00M,69.75B,-,-,223000,2.67,-,48.49,-,0.75,-0.74,2.62,-0.71,-13.60%,1.55%,7.90%,-1.20%,8.40%,-429.20%,0.20%,-0.05%,65.30%
WM,48.70B,1.61B,15.10B,2.18,1.88%,44900,7.10,30.68,26.46,-,1.86,3.78,4.38,1.01,-11.70%,-1.26%,7.00%,23.40%,10.40%,-18.70%,0.16%,-4.64%,78.80%
WAT,13.23B,515.30M,2.28B,-,-,7500,-,26.28,22.92,4.96,-,8.03,9.21,1.93,12.70%,5.30%,11.30%,-326.90%,42.30%,-4.90%,0.30%,-29.29%,95.20%
WEC,31.53B,1.17B,7.21B,2.53,2.49%,7509,3.09,27.43,25.36,4.61,1.24,3.70,4.00,0.76,7.10%,5.95%,6.70%,11.50%,6.20%,2.60%,0.17%,-2.93%,74.30%
WFC,94.56B,1.61B,52.92B,0.40,1.75%,266300,0.59,61.45,12.09,4.59,1.46,0.37,1.89,0.59,-6.00%,13.40%,-0.20%,7.60%,10.30%,-150.40%,0.13%,0.00%,67.10%
WELL,22.97B,302.70M,4.98B,2.44,4.50%,443,1.41,73.45,55.16,5.65,0.91,0.74,0.98,0.16,31.40%,13.00%,4.80%,8.30%,3.60%,-83.70%,0.17%,0.00%,91.90%
WST,21.52B,285.70M,1.95B,0.64,0.22%,8200,13.42,77.22,62.46,4.44,0.16,3.78,4.68,0.99,18.20%,17.40%,12.90%,18.60%,13.00%,37.20%,0.60%,-7.58%,95.20%
WDC,11.56B,-250.00M,16.74B,-,-,63800,1.18,-,6.01,-,1.00,-0.85,6.31,0.55,61.40%,-,-16.40%,-2.60%,0.70%,179.20%,0.40%,-0.11%,80.60%
WU,9.11B,609.00M,4.92B,0.90,4.08%,11500,-,15.23,11.11,1.79,-,1.45,1.99,0.46,27.60%,8.51%,9.10%,-862.90%,37.50%,-72.50%,0.10%,-0.70%,-
WRK,10.29B,775.70M,17.76B,0.80,1.95%,51100,0.91,13.67,14.77,-,0.86,3.00,2.77,0.68,26.00%,-1.88%,0.40%,6.60%,5.60%,-29.80%,0.80%,0.02%,84.00%
WY,22.23B,307.00M,6.58B,-,-,9400,2.69,71.85,31.99,14.37,0.77,0.41,0.92,0.45,-110.30%,5.00%,-16.00%,3.70%,3.90%,-43.80%,0.10%,-7.36%,80.50%
WHR,12.58B,901.00M,18.84B,4.80,2.38%,77000,4.17,14.29,12.53,71.44,2.28,14.11,16.08,3.96,765.20%,0.20%,19.00%,27.10%,15.70%,-46.40%,0.10%,0.00%,-
WMB,23.92B,143.00M,7.80B,1.60,8.30%,4812,1.92,164.70,16.67,44.47,1.88,0.12,1.16,0.27,543.10%,3.70%,-24.60%,1.00%,3.90%,-2.30%,0.10%,0.00%,88.40%
WLTW,27.91B,1.05B,9.26B,2.72,1.25%,45000,2.71,26.76,17.73,5.52,0.54,8.10,12.23,1.32,52.50%,4.85%,8.70%,10.00%,6.80%,-6.50%,0.30%,0.00%,93.00%
WYNN,7.84B,-1116.00M,4.34B,-,-,30200,12.24,-,-,-,20.62,-10.46,-1.31,-3.96,-32.20%,5.46%,-30.70%,-80.80%,5.70%,-777.00%,0.60%,-1.32%,71.70%
XEL,37.93B,1.40B,11.21B,1.72,2.35%,11273,2.88,27.38,24.65,4.68,1.64,2.67,2.97,1.08,6.90%,5.85%,5.40%,10.60%,6.20%,18.50%,0.20%,-16.64%,80.30%
XRX,4.29B,385.00M,7.92B,1.00,4.98%,26100,0.78,11.61,9.01,-,0.73,1.73,2.23,0.24,69.70%,-7.00%,-5.60%,-,7.00%,-81.00%,0.40%,472.61%,87.10%
XLNX,28.89B,645.10M,3.04B,1.52,1.29%,4891,12.37,46.19,34.96,6.18,0.86,2.56,3.38,0.74,-8.90%,7.48%,5.80%,25.90%,21.10%,-59.20%,0.20%,-4.32%,88.10%
XYL,16.37B,252.00M,4.95B,1.04,1.14%,16300,5.77,65.79,34.76,-,1.14,1.39,2.63,0.51,-28.00%,-1.92%,3.90%,8.80%,9.00%,-77.60%,0.20%,-21.74%,92.00%
YUM,29.99B,1.03B,5.49B,1.88,1.91%,34000,-,29.59,25.18,4.46,-,3.33,3.91,0.80,-7.80%,6.63%,13.20%,-12.70%,72.70%,-27.10%,0.10%,-14.07%,78.70%
ZBRA,15.32B,494.00M,4.33B,-,-,8200,8.64,32.12,21.31,3.21,0.68,9.12,13.75,2.81,30.90%,10.00%,74.00%,28.00%,20.50%,-18.80%,1.40%,-13.60%,91.40%
ZBH,30.55B,36.70M,7.03B,0.96,0.65%,19900,2.61,895.91,18.69,244.99,0.71,0.16,7.86,1.07,400.40%,3.66%,5.50%,0.30%,6.60%,-254.10%,0.17%,-0.55%,90.50%
ZION,5.11B,447.00M,2.54B,1.36,4.37%,10188,0.73,12.43,9.81,-,0.19,2.51,3.17,0.88,2.20%,-,19.90%,6.50%,23.50%,-65.10%,0.90%,0.48%,91.30%
ZTS,77.44B,1.62B,6.34B,0.80,0.49%,10600,26.08,48.37,39.25,5.22,2.58,3.38,4.17,0.91,9.60%,9.27%,21.80%,58.20%,16.40%,2.50%,0.25%,-5.24%,94.40%
